email,aname,experience
mtonsley0@yellowpages.com,Mil,1
lgroundwator1@bandcamp.com,Luigi,15
cnutten2@slashdot.org,Corney,3
cfarrah3@issuu.com,Crichton,22
pdeal4@salon.com,Phaedra,16
dfenck5@i2i.jp,Domini,3
fguilder6@nps.gov,Felicdad,13
nsherbrook7@prweb.com,Natalya,18
clanfranconi8@ted.com,Cristionna,2
hcaen9@hubpages.com,Hans,5
emoiseya@ftc.gov,Eloisa,8
cadacotb@youtu.be,Cornall,13
ddemannc@qq.com,Doll,20
sgrimwoodd@scribd.com,Stefan,23
pchristiane@smugmug.com,Petronia,26
oskillf@comsenz.com,Oby,7
mdackg@artisteer.com,Meris,21
vlabarreh@bravesites.com,Vittorio,3
mstertei@live.com,Madalena,9
idematteij@bbb.org,Ina,30
amilsteadk@ucoz.com,Aubrey,30
kdonnersbergl@rakuten.co.jp,Kizzie,17
gkarpetsm@wisc.edu,Gavrielle,6
egahagann@oaic.gov.au,Erny,11
jandraudo@ft.com,Jodi,19
cmcgarelp@yandex.ru,Claribel,12
jburbidgeq@msu.edu,Jon,11
aleydenr@bloglines.com,Allix,28
kkoppess@foxnews.com,Kathrine,26
mgimbert@timesonline.co.uk,Matti,14
rnevettu@nydailynews.com,Robinette,19
cthingv@opensource.org,Clarie,9
wgreenliesw@hexun.com,Wallas,23
tivashnyovx@tripod.com,Truda,19
obaigriey@mail.ru,Osbourn,29
csmalemanz@amazon.com,Carleen,13
gbowkley10@acquirethisname.com,Gallard,9
vfarron11@ezinearticles.com,Vlad,22
dvernau12@github.io,Dacia,26
bwitherden13@twitter.com,Beverley,4
rmcguff14@cam.ac.uk,Rossy,4
jkellaway15@ftc.gov,Jacqui,13
dlangthorn16@twitpic.com,Dud,15
cjack17@dion.ne.jp,Clarine,8
fslorach18@example.com,Findley,14
alimbrick19@ovh.net,Artair,7
rkamiyama1a@globo.com,Rozele,12
paubin1b@wsj.com,Pierson,15
sireland1c@amazon.co.jp,Stevana,10
hhelversen1d@dot.gov,Ham,19
wpeeter1e@eventbrite.com,Woodie,29
gcastro1f@miibeian.gov.cn,Germana,4
dirnys1g@merriam-webster.com,Danni,6
hdurbridge1h@cpanel.net,Harriot,7
edryburgh1i@mac.com,Ezechiel,10
cocalleran1j@sciencedaily.com,Curt,14
smacdonald1k@youtube.com,Sophia,10
vpigeon1l@comsenz.com,Vinni,8
cmccome1m@wordpress.org,Cyrille,12
mdefreyne1n@oakley.com,Myles,3
sabdie1o@wikipedia.org,Stefa,23
ryoxall1p@jiathis.com,Rowney,8
jlilliman1q@nsw.gov.au,Jock,15
mflanaghan1r@dailymotion.com,Mathilde,1
oboraston1s@dropbox.com,Orel,8
gerat1t@ft.com,Gardener,16
jstirton1u@washington.edu,Jeannette,19
cmacpike1v@vkontakte.ru,Coral,25
amaryin1w@independent.co.uk,Alica,26
sazemar1x@tripadvisor.com,Sherye,16
aluff1y@google.com.au,Arther,15
ntimperley1z@wikispaces.com,Nadia,6
lwestmancoat20@theguardian.com,Lesley,18
ibernolet21@nasa.gov,Ingeborg,9
malen22@toplist.cz,Melodee,12
mdishman23@independent.co.uk,Mirna,21
akinner24@jalbum.net,Amerigo,1
clettington25@tamu.edu,Corbett,28
frubinow26@newsvine.com,Franklyn,30
wdurdle27@youtu.be,Waverly,11
sfirsby28@alexa.com,Stanwood,9
dkuhn29@columbia.edu,Darcee,17
liannuzzelli2a@storify.com,Lyndsey,17
ckauffman2b@drupal.org,Carlie,27
sswinglehurst2c@cisco.com,Stacey,8
gwoodruffe2d@hugedomains.com,Gerianne,9
twishkar2e@europa.eu,Tammie,18
rshermore2f@canalblog.com,Roma,30
mcordova2g@fema.gov,Marion,13
cmuris2h@merriam-webster.com,Cordie,22
mfranzetti2i@seattletimes.com,Mia,23
lblazynski2j@woothemes.com,Luella,23
aschimann2k@adobe.com,Alleen,9
ddelagnes2l@oaic.gov.au,Dorothee,16
tgarritley2m@toplist.cz,Timotheus,20
gralfe2n@home.pl,Gasparo,8
cosan2o@flickr.com,Cullan,1
aklimowski2p@netlog.com,Auguste,16
mlowin2q@techcrunch.com,Megan,8
blippi2r@stanford.edu,Beaufort,23
wmabone2s@163.com,Wenda,1
qrash2t@fastcompany.com,Quintina,19
eghidini2u@bbb.org,Elga,5
mmilliere2v@fc2.com,Margette,17
bgronw2w@gizmodo.com,Bertrando,6
tflament2x@rambler.ru,Thaddus,8
npriddey2y@yale.edu,Nady,15
lmorman2z@netvibes.com,Leigh,21
kwarrington30@businessinsider.com,Krystle,14
ccaseborne31@xing.com,Constancia,14
gwreath32@ning.com,Gwendolin,5
beasseby33@liveinternet.ru,Bail,3
ckolakovic34@ask.com,Calla,5
kechalie35@instagram.com,Klement,24
kolden36@meetup.com,Kahlil,20
toutram37@nymag.com,Toiboid,9
myaakov38@gravatar.com,Mercie,10
fatkinson39@ow.ly,Farleigh,9
kdrews3a@fastcompany.com,Kacey,3
jrobbings3b@spotify.com,Jodi,17
dstroyan3c@tuttocitta.it,Dian,26
cschnitter3d@kickstarter.com,Codie,15
mrecke3e@meetup.com,Minna,30
lscurrer3f@fema.gov,Lib,8
rwelbelove3g@oaic.gov.au,Ringo,21
mlambregts3h@mediafire.com,Malorie,27
rmalarkey3i@deviantart.com,Rozalin,9
mchristofor3j@ovh.net,Mariann,12
slusty3k@paypal.com,Samara,7
dsurman3l@sciencedirect.com,Dela,18
bpassy3m@desdev.cn,Barry,15
cyearnes3n@economist.com,Christal,22
ggoulder3o@vk.com,Gan,20
tfolbige3p@pen.io,Thatcher,1
bstitson3q@japanpost.jp,Benni,11
mcoldman3r@icio.us,Marcos,24
mschulze3s@goodreads.com,Miles,5
gredford3t@github.io,Giovanna,12
wschutze3u@paginegialle.it,Wood,11
adockrey3v@reverbnation.com,Arlene,2
gchattell3w@nyu.edu,Gaston,13
jrosindill3x@newyorker.com,Joane,24
ehaggish3y@prnewswire.com,Emili,13
afoster3z@usnews.com,Angil,14
bgrewe40@ted.com,Beniamino,25
dbaake41@live.com,Dag,1
macreman42@ft.com,Micah,29
agodwyn43@un.org,Ashlin,12
lhefford44@edublogs.org,Laurie,16
cgisborne45@instagram.com,Cathi,13
etranter46@nba.com,Edeline,17
pcargenven47@netvibes.com,Pascal,23
mmumbeson48@xing.com,Marlyn,20
cgaltone49@dion.ne.jp,Cathrine,30
sbartolomivis4a@lulu.com,Seth,25
nmalitrott4b@simplemachines.org,Natal,10
hmapstone4c@diigo.com,Herbert,15
tkear4d@friendfeed.com,Thomasin,24
crobe4e@businessweek.com,Cordula,3
dmerrien4f@clickbank.net,Darnell,23
nfeare4g@nsw.gov.au,Nancy,2
bolexa4h@kickstarter.com,Brucie,15
apringour4i@com.com,Angelia,5
chawler4j@mapy.cz,Ced,16
cflippini4k@dedecms.com,Christophorus,23
scordelet4l@tripadvisor.com,Sheelah,4
gtaunton4m@spiegel.de,Glynnis,18
spougher4n@multiply.com,Sharron,24
fbruck4o@discovery.com,Faydra,18
nkeppin4p@newsvine.com,Nikita,23
krenihan4q@dailymotion.com,Katey,22
bbowskill4r@nytimes.com,Bobine,17
oszymanowicz4s@cdbaby.com,Olag,19
jbartholomaus4t@howstuffworks.com,Jarrett,30
mstolli4u@mediafire.com,Mada,16
ljelk4v@soundcloud.com,Larine,11
ddockwra4w@hud.gov,Darin,19
swadham4x@dagondesign.com,Seumas,4
gflukes4y@blogger.com,Guthrey,28
gperryman4z@moonfruit.com,Garald,10
hweatherhead50@vinaora.com,Hi,14
ltoupe51@gizmodo.com,Laryssa,10
gvarsey52@people.com.cn,Ginni,30
kclaeskens53@netvibes.com,Karin,6
lmorrill54@mysql.com,Lek,25
cmarquand55@addthis.com,Carine,5
mlandall56@usatoday.com,Mariann,1
ldingley57@oracle.com,Lisbeth,7
kborton58@google.cn,Korney,27
lmacfadin59@vistaprint.com,Lucille,6
emulran5a@wp.com,Eddie,8
rcomo5b@epa.gov,Robin,12
pstubbert5c@printfriendly.com,Peyter,10
glammiman5d@scientificamerican.com,Glad,12
bmcveighty5e@arstechnica.com,Betty,25
rbaccup5f@xinhuanet.com,Robin,20
kkuhle5g@miitbeian.gov.cn,Karrie,15
gilott5h@de.vu,Gale,27
erestieaux5i@mit.edu,Ellette,23
jboole5j@timesonline.co.uk,Jessalyn,2
cpetican5k@ftc.gov,Cobbie,23
estirling5l@cbsnews.com,Elicia,2
bgrason5m@ebay.co.uk,Brita,23
rlockney5n@friendfeed.com,Rustie,4
ecalliss5o@marriott.com,Englebert,29
lbahls5p@symantec.com,Lorenza,7
ylindley5q@barnesandnoble.com,Yoko,27
chastie5r@cnet.com,Carlyn,6
crevel5s@java.com,Camey,19
aclougher5t@devhub.com,Adriena,15
cglew5u@xinhuanet.com,Clark,1
clehmann5v@goo.gl,Carolynn,21
ichastey5w@jiathis.com,Itch,8
tstading5x@drupal.org,Town,27
mshailer5y@hexun.com,Melodee,21
pmaddock5z@ucsd.edu,Priscella,4
sfripps60@java.com,Starlene,8
lcaunter61@state.tx.us,Leticia,11
cdifranceschi62@surveymonkey.com,Correy,6
rhoneyghan63@scientificamerican.com,Ronna,9
foriordan64@elegantthemes.com,Franny,19
iviles65@sohu.com,Imogen,23
redel66@blogspot.com,Rik,10
ldykes67@ustream.tv,Lezlie,6
ccansdill68@theatlantic.com,Cory,19
estandbrook69@sitemeter.com,Elijah,2
gubank6a@bluehost.com,Gardner,19
ahunnam6b@yellowbook.com,Antonius,30
kblazic6c@mapquest.com,Korey,22
lwelch6d@bizjournals.com,Lauren,7
vwillmot6e@dell.com,Vale,15
ablazhevich6f@vinaora.com,Alonzo,17
scaldera6g@skyrock.com,Sharia,9
pbrownett6h@springer.com,Perceval,3
rlathe6i@cisco.com,Reagan,7
tharkes6j@goo.gl,Theo,20
cyaakov6k@princeton.edu,Caroljean,22
mshord6l@ow.ly,Mitzi,1
bstannah6m@chicagotribune.com,Blakeley,27
dormesher6n@acquirethisname.com,Davida,22
qclewer6o@miitbeian.gov.cn,Quincy,21
maysh6p@yahoo.co.jp,Matilde,27
mandrieux6q@phpbb.com,Marylinda,23
gboyen6r@privacy.gov.au,Gwendolin,22
jcocker6s@ebay.com,Jane,25
omcmorran6t@symantec.com,Ottilie,21
ipiechnik6u@stanford.edu,Irwinn,22
brollinson6v@paginegialle.it,Beret,12
zstockdale6w@netlog.com,Zsa zsa,6
ckiddey6x@mapquest.com,Carmine,7
bsokale6y@mit.edu,Belia,21
nlovick6z@samsung.com,Niko,28
cschohier70@nba.com,Cynthie,22
amacgowing71@google.com.hk,Andrey,23
pmcilhone72@blogs.com,Poul,1
ldowsey73@opensource.org,Leslie,7
gclarricoates74@netlog.com,Galvan,25
elafferty75@flavors.me,Etan,2
lbealing76@barnesandnoble.com,Laurie,1
kblaksley77@uiuc.edu,Koo,19
jhuckfield78@youku.com,Jane,5
rmacbey79@upenn.edu,Rheta,20
aablitt7a@wired.com,Ardath,15
tiianon7b@desdev.cn,Tudor,8
mhummerston7c@soundcloud.com,Mommy,5
ccarman7d@vk.com,Crin,26
lwildman7e@dmoz.org,Lammond,30
jcheasman7f@blinklist.com,Jodi,18
slovelace7g@netscape.com,Sholom,26
jvivien7h@google.ca,Jeri,1
glethby7i@hp.com,Gwendolin,3
rstafford7j@ow.ly,Ronny,29
lweedon7k@bloomberg.com,Letta,21
tbosdet7l@cpanel.net,Tracie,6
kdavidson7m@sakura.ne.jp,Katina,6
mbellfield7n@ocn.ne.jp,Micaela,2
ddafforne7o@pbs.org,Donica,25
abyre7p@facebook.com,Ara,19
spenticoot7q@unblog.fr,Susette,17
zpatifield7r@ovh.net,Zechariah,13
sbehn7s@guardian.co.uk,Stormy,11
mobradden7t@unicef.org,Mayer,19
rpennycord7u@example.com,Reuben,14
mdacks7v@oakley.com,Mic,17
bpownall7w@biglobe.ne.jp,Beryle,4
dkobierra7x@blogtalkradio.com,Denny,12
adornin7y@zdnet.com,Alicea,12
gkitchingman7z@freewebs.com,Gae,8
khastewell80@123-reg.co.uk,Kamila,6
lmaceur81@google.ru,Licha,18
scaso82@house.gov,Sumner,29
bsapson83@google.pl,Booth,6
acoate84@globo.com,Ardelis,5
kstud85@ftc.gov,Kit,1
ametson86@webs.com,Alison,12
rkahen87@hatena.ne.jp,Reginald,28
wballingal88@statcounter.com,Westleigh,29
cdaal89@4shared.com,Corby,26
oespin8a@vinaora.com,Ola,15
gmottley8b@tamu.edu,Giavani,6
dsmogur8c@archive.org,Darrick,25
hcristea8d@ibm.com,Hilarius,25
craggles8e@wikia.com,Cyrill,17
hlucus8f@com.com,Hugibert,10
pquinnell8g@macromedia.com,Petronille,20
bwherton8h@admin.ch,Brynna,10
lwillavize8i@macromedia.com,Lowrance,25
bbelchem8j@wikipedia.org,Boyce,22
jandino8k@ifeng.com,Joby,21
jflewan8l@princeton.edu,Jefferson,11
kong8m@g.co,Knox,10
vdrummond8n@friendfeed.com,Valdemar,12
cghest8o@foxnews.com,Culver,16
mbaroux8p@thetimes.co.uk,Montgomery,28
imartell8q@nyu.edu,Inglis,19
gdovidian8r@prlog.org,Gerta,1
ycavendish8s@baidu.com,Yardley,18
relvish8t@squidoo.com,Raimund,13
strivett8u@booking.com,Sibilla,17
hhorribine8v@usgs.gov,Howard,23
smelloy8w@whitehouse.gov,Selby,18
tertel8x@booking.com,Tommie,10
gdarragon8y@pen.io,Grethel,4
lmaydwell8z@ustream.tv,Liam,14
mgustus90@theglobeandmail.com,Marthe,13
sstowte91@archive.org,Sukey,17
fnorrey92@sina.com.cn,Fredericka,27
lcowill93@nationalgeographic.com,Leland,21
gmanston94@vistaprint.com,Gusta,23
mtweedle95@ftc.gov,Michal,16
mgooderson96@skype.com,Malissa,12
rkuschel97@usnews.com,Rosella,27
sbreydin98@pen.io,Stevie,29
fsherwen99@techcrunch.com,Frederigo,23
atavener9a@epa.gov,Ardra,5
tstapleton9b@xing.com,Tamera,25
litscovitz9c@blog.com,Leon,8
tahrens9d@gizmodo.com,Theodosia,18
gwestoff9e@networksolutions.com,Gnni,21
vplan9f@usgs.gov,Vin,7
mnix9g@pagesperso-orange.fr,Milly,18
knorwood9h@squarespace.com,Kristal,26
jmatteucci9i@a8.net,Jannel,19
srentalll9j@army.mil,Sherm,23
jeagar9k@arizona.edu,Justine,7
scourtonne9l@mashable.com,Sid,19
clavallie9m@networkadvertising.org,Corina,21
akeast9n@economist.com,Aura,4
gbeltzner9o@jalbum.net,Gawen,27
rkeppel9p@state.tx.us,Robbi,17
snower9q@goo.gl,Sabra,4
mszach9r@wufoo.com,Michelina,1
gdore9s@unesco.org,Ginny,28
tstebbin9t@nytimes.com,Trent,30
abeldom9u@ca.gov,Andee,26
mwagg9v@whitehouse.gov,Melisent,27
jbarthram9w@elpais.com,Jackie,8
gdoumic9x@dailymail.co.uk,Graig,11
rcraighill9y@wordpress.com,Rabi,25
fmatuszewski9z@sfgate.com,Fredelia,7
dneasama0@pagesperso-orange.fr,Danyette,2
vsprossona1@theglobeandmail.com,Vinny,17
iboyesa2@google.com.au,Ignace,17
amonshalla3@unc.edu,Arielle,30
lpiggforda4@accuweather.com,Lindy,26
jfinana5@wisc.edu,Jeanine,13
lmerrgana6@stanford.edu,Lyndsie,10
hkimmingsa7@si.edu,Hertha,2
wpendletona8@privacy.gov.au,Wallis,16
abreama9@pen.io,Ardenia,29
mbiasottiaa@goo.gl,Merci,12
cmcreidyab@google.com.hk,Cort,11
cdagostiniac@rediff.com,Courtney,8
gitzakovitzad@wordpress.com,Gerrard,10
sjellisae@plala.or.jp,Scottie,7
wfarncombeaf@indiegogo.com,Wenona,27
ltregeaag@sogou.com,Lynette,24
lfannonah@bigcartel.com,Larine,8
awinsparai@scribd.com,Aurie,17
dreburnaj@slashdot.org,Dasie,19
pscadingak@last.fm,Pattin,7
jpudgeal@delicious.com,Josephina,18
fdoggam@elpais.com,Fawnia,1
posmondan@nationalgeographic.com,Perrine,18
mnelthorpao@sciencedaily.com,Mara,1
lbarlassap@lulu.com,Letta,30
bwinscombaq@vk.com,Bren,1
vwoodfordar@sun.com,Verina,21
szukiermanas@intel.com,Shaun,16
ibuckellat@163.com,Imogen,15
bhollowau@devhub.com,Barnie,24
ablythinav@unc.edu,Alyce,17
lmatiebeaw@e-recht24.de,Laura,28
yartissax@upenn.edu,Yorgo,19
lmcminnay@reverbnation.com,Loren,15
ebarriballaz@list-manage.com,Elmira,22
wgrevesonb0@craigslist.org,Westleigh,13
mbrogib1@opera.com,Melvin,13
csammonsb2@examiner.com,Cassey,25
nchivertonb3@virginia.edu,Nikki,28
ctrusseb4@spiegel.de,Callie,23
cpavlasekb5@cmu.edu,Carmelita,27
avarrenb6@fotki.com,Amanda,8
kdutsonb7@rakuten.co.jp,Klement,13
dwoolvettb8@ftc.gov,Dallis,11
tfritschmannb9@cnn.com,Thekla,11
fmckendryba@state.tx.us,Filmer,25
cdelamarbb@wisc.edu,Camella,26
sbriffettbc@soup.io,Sanderson,29
evasquezbd@cloudflare.com,Elvina,4
asantorabe@nhs.uk,Alvis,24
jdullardbf@virginia.edu,Jena,22
ameffinbg@homestead.com,Araldo,28
mbeatybh@gravatar.com,Melany,10
estorkbi@mediafire.com,Elyssa,30
tjzakbj@yellowpages.com,Troy,19
gayresbk@issuu.com,Garfield,1
tzmitrovichbl@gmpg.org,Tyrone,24
dsinsonbm@earthlink.net,Duncan,10
vciobotarobn@amazon.de,Vania,11
eandrzejakbo@upenn.edu,Evangelina,3
iepiletbp@rakuten.co.jp,Ives,7
dfavellebq@friendfeed.com,Dorena,19
dcopseybr@craigslist.org,Delmer,18
lpauluccibs@delicious.com,Lexie,13
kmichinbt@chicagotribune.com,Kean,2
ebellingerbu@joomla.org,Elisabetta,23
kwhereatbv@oakley.com,Krystal,26
dsnedkerbw@mail.ru,Deny,27
omilsombx@google.it,Orsa,18
bhouriganby@cbslocal.com,Becca,20
qcometsonbz@yandex.ru,Quintina,23
tjardinc0@flavors.me,Troy,13
kbeltznerc1@about.com,Krystle,2
tharfordc2@bizjournals.com,Ted,8
lsmartc3@netlog.com,Leonelle,24
bapplewhitec4@addthis.com,Ben,11
cbannellc5@tinypic.com,Cletus,12
dwheblec6@oakley.com,Dyann,19
zrosenblattc7@fastcompany.com,Zared,5
sburkc8@netlog.com,Shelby,14
gferencec9@tripadvisor.com,Gavin,18
jmcgarahanca@ft.com,Janna,18
cpeetermanncb@blinklist.com,Carlota,21
gthorntoncc@naver.com,Giles,28
rskaincd@omniture.com,Robbin,16
imacguigance@mayoclinic.com,Irma,27
dgoultercf@ihg.com,Donna,28
ikenninghamcg@tinyurl.com,Ira,17
cgirkinch@devhub.com,Carry,15
gcarlettoci@nasa.gov,Goddart,18
sdohertycj@vinaora.com,Sidnee,11
tstrewtherck@zdnet.com,Thorin,1
rambrogicl@youku.com,Reggis,7
tmilsapcm@geocities.jp,Tomasine,23
byoullcn@liveinternet.ru,Bram,9
ccristofarico@bloglines.com,Camey,4
jashfordcp@cornell.edu,Judy,15
tfriselcq@dagondesign.com,Tricia,3
cflorescr@unesco.org,Cad,16
tratleycs@shop-pro.jp,Twila,1
jspradberyct@infoseek.co.jp,Justis,10
tmacgoverncu@home.pl,Theodore,26
acremencv@gravatar.com,Adrien,27
dsvanetticw@fotki.com,Deana,21
spariscx@about.com,Sara-ann,20
cmacbethcy@globo.com,Cobbie,12
ccolquitcz@cloudflare.com,Cord,22
lkoppsd0@yahoo.com,Lezley,18
fbeachamd1@globo.com,Falkner,9
jturfordd2@spiegel.de,Jocelyne,25
ichaperlind3@cnbc.com,Isadora,20
calbarezd4@squidoo.com,Crissy,25
rolivetod5@cargocollective.com,Roanna,1
tbusherd6@virginia.edu,Timothy,27
bgilksd7@dropbox.com,Brice,18
flaurenced8@ocn.ne.jp,Fionna,9
nlethcoed9@artisteer.com,Nicol,7
ctommeida@webnode.com,Casey,19
kjessedb@istockphoto.com,Keenan,30
ttodmandc@elpais.com,Tatiania,1
gcockerelldd@princeton.edu,Gris,22
rcasarinode@ed.gov,Riannon,16
rgiacobbodf@arstechnica.com,Rubetta,19
rmickadg@buzzfeed.com,Rogerio,3
nlonsbroughdh@twitter.com,Nicolais,16
qpresnaildi@soundcloud.com,Quinton,21
dclayhilldj@t-online.de,Dacia,25
gbyedk@zdnet.com,Gerrie,19
nashmentdl@pen.io,Nat,21
rmaaszedm@wired.com,Regine,24
acolbertsondn@cdc.gov,Adelice,10
bmcspirrondo@pcworld.com,Brittni,30
asiveterdp@bravesites.com,Ann,26
egrolledq@miitbeian.gov.cn,Elspeth,27
afarrearsdr@scientificamerican.com,Ado,30
aaltoftsds@hud.gov,Audre,24
jsiemensdt@newyorker.com,Joyann,30
xeskriggdu@comcast.net,Xenos,30
dromerdv@house.gov,Durant,25
