commissionID,email,price,completionTime,request
3739801216,mtonsley0@yellowpages.com,795,2021-05-08,"""Coloring"""
5196052478,lgroundwator1@bandcamp.com,5927,2021-10-26,"""Coloring"""
8101010910,cnutten2@slashdot.org,9584,2021-02-10,"""Background"""
6894358253,cfarrah3@issuu.com,163,2021-05-16,"""Background"""
6647003076,pdeal4@salon.com,5650,2021-05-29,"""Coloring"""
2009663535,dfenck5@i2i.jp,9410,2021-07-08,"""Character design"""
6308016345,fguilder6@nps.gov,5172,2021-06-15,"""Background"""
7905906931,nsherbrook7@prweb.com,6615,2021-10-24,"""Character design"""
8387929162,clanfranconi8@ted.com,396,2021-03-11,"""Character design"""
9355303538,hcaen9@hubpages.com,1360,2021-07-09,"""Character design"""
4571697148,emoiseya@ftc.gov,1719,2021-12-22,"""Character design"""
189096644,cadacotb@youtu.be,9503,2021-06-12,"""Coloring"""
6783789634,ddemannc@qq.com,3833,2021-12-05,"""Character design"""
550592618,sgrimwoodd@scribd.com,4527,2021-02-24,"""Coloring"""
794664644,pchristiane@smugmug.com,8397,2021-04-04,"""Character design"""
883340980,oskillf@comsenz.com,2470,2021-09-20,"""Coloring"""
567883814,mdackg@artisteer.com,366,2021-09-30,"""Character design"""
1414640653,vlabarreh@bravesites.com,6095,2021-10-20,"""Character design"""
468629110,mstertei@live.com,5549,2021-04-24,"""Character design"""
9927759572,idematteij@bbb.org,8057,2021-04-18,"""Character design"""
6184744547,amilsteadk@ucoz.com,1682,2021-05-14,"""Coloring"""
4375362282,kdonnersbergl@rakuten.co.jp,3910,2021-11-11,"""Character design"""
2550086132,gkarpetsm@wisc.edu,4651,2021-11-20,"""Character design"""
3775271900,egahagann@oaic.gov.au,8241,2021-07-23,"""Coloring"""
1115891014,jandraudo@ft.com,483,2021-09-08,"""Character design"""
4297645175,cmcgarelp@yandex.ru,452,2021-06-25,"""Character design"""
9784476597,jburbidgeq@msu.edu,874,2021-11-01,"""Background"""
5366332745,aleydenr@bloglines.com,8689,2021-05-22,"""Background"""
3168536249,kkoppess@foxnews.com,4569,2021-11-14,"""Coloring"""
8078966872,mgimbert@timesonline.co.uk,3023,2021-12-25,"""Character design"""
2080618778,rnevettu@nydailynews.com,9949,2021-11-11,"""Coloring"""
7568519591,cthingv@opensource.org,3160,2021-04-26,"""Background"""
484321251,wgreenliesw@hexun.com,6506,2021-03-14,"""Character design"""
9660816508,tivashnyovx@tripod.com,6141,2021-12-09,"""Background"""
8774491247,obaigriey@mail.ru,7269,2021-09-27,"""Character design"""
1753518914,csmalemanz@amazon.com,8921,2021-04-15,"""Background"""
6596566885,gbowkley10@acquirethisname.com,9356,2021-11-11,"""Coloring"""
263075001,vfarron11@ezinearticles.com,9262,2021-10-04,"""Background"""
9535270512,dvernau12@github.io,9859,2021-03-15,"""Coloring"""
278753024,bwitherden13@twitter.com,9525,2021-07-12,"""Coloring"""
3631645046,rmcguff14@cam.ac.uk,9493,2021-09-25,"""Character design"""
3428537438,jkellaway15@ftc.gov,5579,2021-01-09,"""Character design"""
3205103640,dlangthorn16@twitpic.com,2055,2021-11-13,"""Character design"""
1164924220,cjack17@dion.ne.jp,9598,2021-09-29,"""Background"""
5826362143,fslorach18@example.com,1919,2021-10-15,"""Character design"""
5800895785,alimbrick19@ovh.net,956,2021-06-07,"""Background"""
5546591949,rkamiyama1a@globo.com,9628,2021-08-29,"""Background"""
4037932272,paubin1b@wsj.com,4806,2021-06-14,"""Background"""
670100102,sireland1c@amazon.co.jp,9736,2021-06-07,"""Coloring"""
3327215179,hhelversen1d@dot.gov,461,2021-09-29,"""Character design"""
3564305378,wpeeter1e@eventbrite.com,1857,2021-08-26,"""Background"""
3899830149,gcastro1f@miibeian.gov.cn,5037,2021-09-11,"""Character design"""
522921643,dirnys1g@merriam-webster.com,5139,2021-01-02,"""Character design"""
4300726848,hdurbridge1h@cpanel.net,159,2021-07-19,"""Background"""
5737615265,edryburgh1i@mac.com,2598,2021-08-14,"""Character design"""
8042113669,cocalleran1j@sciencedaily.com,4144,2021-11-21,"""Coloring"""
8061038803,smacdonald1k@youtube.com,9399,2021-01-24,"""Background"""
1230349211,vpigeon1l@comsenz.com,4041,2021-04-27,"""Character design"""
5472099372,cmccome1m@wordpress.org,2289,2021-01-17,"""Character design"""
5423097452,mdefreyne1n@oakley.com,7915,2021-02-20,"""Coloring"""
1205013262,sabdie1o@wikipedia.org,8325,2021-06-12,"""Character design"""
1007628470,ryoxall1p@jiathis.com,6705,2021-06-23,"""Character design"""
8628982241,jlilliman1q@nsw.gov.au,3203,2021-04-03,"""Character design"""
722850513,mflanaghan1r@dailymotion.com,9931,2021-09-16,"""Character design"""
8531274928,oboraston1s@dropbox.com,9440,2021-10-06,"""Character design"""
9468408161,gerat1t@ft.com,4811,2021-03-24,"""Character design"""
5480135375,jstirton1u@washington.edu,6507,2021-02-16,"""Coloring"""
8774732520,cmacpike1v@vkontakte.ru,331,2021-09-29,"""Coloring"""
9584732415,amaryin1w@independent.co.uk,4569,2021-11-03,"""Coloring"""
8735745994,sazemar1x@tripadvisor.com,3005,2021-01-15,"""Coloring"""
981250799,aluff1y@google.com.au,721,2021-04-29,"""Character design"""
5781731099,ntimperley1z@wikispaces.com,1158,2021-12-04,"""Background"""
5940107610,lwestmancoat20@theguardian.com,8346,2021-07-22,"""Character design"""
7636578383,ibernolet21@nasa.gov,869,2021-10-10,"""Character design"""
7057763577,malen22@toplist.cz,6609,2021-09-04,"""Coloring"""
9359359808,mdishman23@independent.co.uk,9747,2021-05-25,"""Background"""
8291275331,akinner24@jalbum.net,6408,2021-10-19,"""Character design"""
1470914260,clettington25@tamu.edu,1368,2021-10-12,"""Character design"""
6970931006,frubinow26@newsvine.com,1876,2021-10-17,"""Character design"""
1578305101,wdurdle27@youtu.be,8681,2021-05-09,"""Coloring"""
7815488684,sfirsby28@alexa.com,2590,2021-01-08,"""Background"""
9397932109,dkuhn29@columbia.edu,7419,2021-07-25,"""Character design"""
9900840535,liannuzzelli2a@storify.com,9641,2021-09-25,"""Character design"""
6088597520,ckauffman2b@drupal.org,2532,2021-01-06,"""Character design"""
1751931006,sswinglehurst2c@cisco.com,2975,2021-10-15,"""Character design"""
688590999,gwoodruffe2d@hugedomains.com,2028,2021-08-25,"""Background"""
5713178121,twishkar2e@europa.eu,1405,2021-02-02,"""Character design"""
4955181244,rshermore2f@canalblog.com,5394,2021-03-07,"""Character design"""
7329978876,mcordova2g@fema.gov,2463,2021-06-27,"""Background"""
1847091815,cmuris2h@merriam-webster.com,353,2021-07-06,"""Character design"""
1577219359,mfranzetti2i@seattletimes.com,5165,2021-06-22,"""Character design"""
3248927498,lblazynski2j@woothemes.com,8266,2021-05-09,"""Character design"""
7008137312,aschimann2k@adobe.com,7116,2021-09-24,"""Character design"""
8630826154,ddelagnes2l@oaic.gov.au,2517,2021-07-16,"""Character design"""
3442621720,tgarritley2m@toplist.cz,3917,2021-01-16,"""Character design"""
6608171931,gralfe2n@home.pl,9296,2021-08-12,"""Background"""
5514528943,cosan2o@flickr.com,4564,2021-04-27,"""Character design"""
6679086102,aklimowski2p@netlog.com,2083,2021-02-17,"""Character design"""
2643635062,mlowin2q@techcrunch.com,853,2021-05-21,"""Background"""
1040512422,blippi2r@stanford.edu,3287,2021-04-24,"""Coloring"""
7591289833,wmabone2s@163.com,4437,2021-12-15,"""Coloring"""
8675214523,qrash2t@fastcompany.com,611,2021-04-21,"""Coloring"""
6642217927,eghidini2u@bbb.org,8196,2021-02-07,"""Character design"""
376196848,mmilliere2v@fc2.com,9182,2021-10-27,"""Coloring"""
2344266296,bgronw2w@gizmodo.com,8967,2021-10-26,"""Character design"""
6656118785,tflament2x@rambler.ru,4965,2021-05-28,"""Character design"""
2474774231,npriddey2y@yale.edu,6683,2021-03-21,"""Background"""
9282987148,lmorman2z@netvibes.com,6557,2021-03-10,"""Character design"""
3893457774,kwarrington30@businessinsider.com,5191,2021-11-18,"""Background"""
8369571574,ccaseborne31@xing.com,5116,2021-11-30,"""Character design"""
6932411654,gwreath32@ning.com,5026,2021-06-03,"""Coloring"""
9016370363,beasseby33@liveinternet.ru,6682,2021-05-14,"""Character design"""
3775450717,ckolakovic34@ask.com,7747,2021-01-14,"""Background"""
4859251007,kechalie35@instagram.com,1225,2021-06-30,"""Character design"""
8085416923,kolden36@meetup.com,1076,2021-03-10,"""Character design"""
8857746703,toutram37@nymag.com,3495,2021-01-31,"""Background"""
1029468816,myaakov38@gravatar.com,8072,2021-10-19,"""Background"""
2827163034,fatkinson39@ow.ly,4435,2021-04-12,"""Character design"""
2562453763,kdrews3a@fastcompany.com,692,2021-10-09,"""Character design"""
2163857751,jrobbings3b@spotify.com,4419,2021-06-09,"""Character design"""
5582557419,dstroyan3c@tuttocitta.it,2560,2021-02-16,"""Character design"""
7770452872,cschnitter3d@kickstarter.com,2941,2021-10-27,"""Background"""
1895063386,mrecke3e@meetup.com,9678,2021-03-30,"""Coloring"""
8567312981,lscurrer3f@fema.gov,706,2021-11-29,"""Character design"""
4088303714,rwelbelove3g@oaic.gov.au,7405,2021-11-28,"""Background"""
9133823171,mlambregts3h@mediafire.com,7032,2021-04-27,"""Background"""
7509772258,rmalarkey3i@deviantart.com,1621,2021-11-12,"""Coloring"""
9675344533,mchristofor3j@ovh.net,6845,2021-08-09,"""Coloring"""
9781132499,slusty3k@paypal.com,2336,2021-06-07,"""Character design"""
3210106060,dsurman3l@sciencedirect.com,702,2021-04-29,"""Background"""
2262926083,bpassy3m@desdev.cn,567,2021-02-14,"""Character design"""
728053385,cyearnes3n@economist.com,2762,2021-04-13,"""Coloring"""
7651617614,ggoulder3o@vk.com,7671,2021-05-18,"""Coloring"""
8264354124,tfolbige3p@pen.io,7359,2021-09-26,"""Coloring"""
3489659578,bstitson3q@japanpost.jp,8345,2021-10-08,"""Background"""
6654179050,mcoldman3r@icio.us,8978,2021-10-05,"""Character design"""
8690610539,mschulze3s@goodreads.com,1977,2021-03-30,"""Character design"""
1306233178,gredford3t@github.io,6396,2021-12-25,"""Character design"""
827962642,wschutze3u@paginegialle.it,3125,2021-02-08,"""Character design"""
4539419442,adockrey3v@reverbnation.com,6683,2021-07-05,"""Background"""
4242731813,gchattell3w@nyu.edu,5141,2021-05-04,"""Character design"""
6603340414,jrosindill3x@newyorker.com,3746,2021-03-14,"""Background"""
5926896335,ehaggish3y@prnewswire.com,8140,2021-05-14,"""Background"""
3455749764,afoster3z@usnews.com,7963,2021-11-10,"""Background"""
6852869422,bgrewe40@ted.com,1731,2021-09-08,"""Character design"""
7734838400,dbaake41@live.com,6116,2021-12-18,"""Character design"""
9977553374,macreman42@ft.com,9066,2021-04-09,"""Background"""
8146867085,agodwyn43@un.org,4330,2021-08-03,"""Coloring"""
6631541492,lhefford44@edublogs.org,111,2021-06-12,"""Background"""
9674448264,cgisborne45@instagram.com,4627,2021-07-08,"""Character design"""
166976316,etranter46@nba.com,4523,2021-10-19,"""Coloring"""
4803494080,pcargenven47@netvibes.com,5074,2021-07-24,"""Character design"""
7064271809,mmumbeson48@xing.com,2469,2021-09-26,"""Coloring"""
4037037971,cgaltone49@dion.ne.jp,6144,2021-04-22,"""Background"""
2367873548,sbartolomivis4a@lulu.com,5549,2021-12-23,"""Background"""
5352826637,nmalitrott4b@simplemachines.org,1190,2021-06-20,"""Character design"""
9457693345,hmapstone4c@diigo.com,8178,2021-04-17,"""Background"""
6413532561,tkear4d@friendfeed.com,5220,2021-01-09,"""Character design"""
3369889287,crobe4e@businessweek.com,6496,2021-08-24,"""Background"""
7004622368,dmerrien4f@clickbank.net,9392,2021-03-01,"""Coloring"""
1608131864,nfeare4g@nsw.gov.au,5127,2021-03-20,"""Coloring"""
3084229564,bolexa4h@kickstarter.com,2521,2021-06-07,"""Background"""
7211854836,apringour4i@com.com,3020,2021-12-13,"""Character design"""
6875550471,chawler4j@mapy.cz,6669,2021-06-17,"""Background"""
5210017710,cflippini4k@dedecms.com,4768,2021-04-25,"""Coloring"""
7393958893,scordelet4l@tripadvisor.com,6248,2021-01-29,"""Coloring"""
620692511,gtaunton4m@spiegel.de,3525,2021-07-13,"""Character design"""
9038520086,spougher4n@multiply.com,4534,2021-09-19,"""Character design"""
8986433829,fbruck4o@discovery.com,8712,2021-10-14,"""Background"""
4994550673,nkeppin4p@newsvine.com,3444,2021-09-24,"""Background"""
1611038237,krenihan4q@dailymotion.com,1530,2021-07-15,"""Coloring"""
5564575757,bbowskill4r@nytimes.com,5948,2021-09-15,"""Background"""
7830303770,oszymanowicz4s@cdbaby.com,8470,2021-05-17,"""Background"""
3898469145,jbartholomaus4t@howstuffworks.com,6228,2021-10-29,"""Character design"""
450351769,mstolli4u@mediafire.com,2531,2021-01-26,"""Character design"""
1887233866,ljelk4v@soundcloud.com,5777,2021-06-23,"""Character design"""
8473010400,ddockwra4w@hud.gov,7194,2021-09-06,"""Character design"""
6395706492,swadham4x@dagondesign.com,4219,2021-03-01,"""Background"""
7315228232,gflukes4y@blogger.com,2011,2021-05-30,"""Coloring"""
9871317852,gperryman4z@moonfruit.com,5695,2021-05-20,"""Coloring"""
483325325,hweatherhead50@vinaora.com,4552,2021-12-16,"""Coloring"""
2080863033,ltoupe51@gizmodo.com,2416,2021-06-11,"""Coloring"""
4851515753,gvarsey52@people.com.cn,8253,2021-05-28,"""Character design"""
8791558919,kclaeskens53@netvibes.com,7834,2021-09-10,"""Character design"""
3007823950,lmorrill54@mysql.com,2245,2021-06-03,"""Background"""
2324628938,cmarquand55@addthis.com,7598,2021-04-24,"""Character design"""
1907859636,mlandall56@usatoday.com,5189,2021-07-03,"""Character design"""
145573182,ldingley57@oracle.com,3589,2021-04-15,"""Coloring"""
9603002316,kborton58@google.cn,1937,2021-04-28,"""Character design"""
6330591184,lmacfadin59@vistaprint.com,3543,2021-04-23,"""Character design"""
1770078442,emulran5a@wp.com,7702,2021-04-10,"""Character design"""
4560276442,rcomo5b@epa.gov,351,2021-03-28,"""Coloring"""
8440081006,pstubbert5c@printfriendly.com,6261,2021-08-13,"""Character design"""
8773306496,glammiman5d@scientificamerican.com,3414,2021-03-21,"""Coloring"""
6797982015,bmcveighty5e@arstechnica.com,7542,2021-10-24,"""Coloring"""
3642272396,rbaccup5f@xinhuanet.com,2421,2021-07-23,"""Character design"""
5733303041,kkuhle5g@miitbeian.gov.cn,4635,2021-12-23,"""Background"""
5807511102,gilott5h@de.vu,3933,2021-08-27,"""Character design"""
9803637357,erestieaux5i@mit.edu,8209,2021-01-25,"""Character design"""
5569805477,jboole5j@timesonline.co.uk,3959,2021-05-23,"""Character design"""
1461293311,cpetican5k@ftc.gov,6623,2021-05-26,"""Background"""
7141957030,estirling5l@cbsnews.com,7827,2021-02-02,"""Background"""
2176682180,bgrason5m@ebay.co.uk,7603,2021-05-13,"""Background"""
4649249554,rlockney5n@friendfeed.com,6333,2021-02-26,"""Character design"""
6386225675,ecalliss5o@marriott.com,5933,2021-02-19,"""Coloring"""
8732561184,lbahls5p@symantec.com,3592,2021-03-05,"""Coloring"""
9806535680,ylindley5q@barnesandnoble.com,4088,2021-12-19,"""Character design"""
4081902897,chastie5r@cnet.com,8927,2021-04-12,"""Coloring"""
6260466301,crevel5s@java.com,696,2021-10-17,"""Background"""
6595069445,aclougher5t@devhub.com,650,2021-09-11,"""Character design"""
1853211784,cglew5u@xinhuanet.com,5666,2021-01-21,"""Coloring"""
4902675939,clehmann5v@goo.gl,2520,2021-09-10,"""Character design"""
1786489918,ichastey5w@jiathis.com,5696,2021-01-13,"""Background"""
4701847028,tstading5x@drupal.org,7231,2021-11-23,"""Coloring"""
4168225811,mshailer5y@hexun.com,3972,2021-03-01,"""Character design"""
6393585533,pmaddock5z@ucsd.edu,9677,2021-02-25,"""Character design"""
8484126821,sfripps60@java.com,9638,2021-09-22,"""Character design"""
5972535190,lcaunter61@state.tx.us,4419,2021-07-19,"""Character design"""
2064757149,cdifranceschi62@surveymonkey.com,3344,2021-09-27,"""Background"""
1869390313,rhoneyghan63@scientificamerican.com,285,2021-04-20,"""Character design"""
9283491706,foriordan64@elegantthemes.com,6991,2021-11-03,"""Character design"""
9637737069,iviles65@sohu.com,4845,2021-08-11,"""Coloring"""
2374524539,redel66@blogspot.com,8822,2021-01-21,"""Character design"""
994606633,ldykes67@ustream.tv,3914,2021-05-29,"""Background"""
560380558,ccansdill68@theatlantic.com,978,2021-12-08,"""Coloring"""
6810031328,estandbrook69@sitemeter.com,504,2021-09-29,"""Coloring"""
2419628560,gubank6a@bluehost.com,8077,2021-04-04,"""Character design"""
96672083,ahunnam6b@yellowbook.com,5047,2021-01-28,"""Character design"""
4091666936,kblazic6c@mapquest.com,6855,2021-06-30,"""Background"""
7849924372,lwelch6d@bizjournals.com,2078,2021-10-18,"""Background"""
7863340172,vwillmot6e@dell.com,3166,2021-11-04,"""Character design"""
2992616206,ablazhevich6f@vinaora.com,7530,2021-01-30,"""Character design"""
3791384032,scaldera6g@skyrock.com,4647,2021-05-27,"""Background"""
1394122370,pbrownett6h@springer.com,3864,2021-12-20,"""Background"""
8074576455,rlathe6i@cisco.com,3413,2021-06-19,"""Coloring"""
8934844868,tharkes6j@goo.gl,3341,2021-05-31,"""Background"""
7525722628,cyaakov6k@princeton.edu,7925,2021-05-26,"""Character design"""
554768375,mshord6l@ow.ly,9480,2021-09-30,"""Character design"""
4847413618,bstannah6m@chicagotribune.com,4099,2021-09-14,"""Coloring"""
8897993772,dormesher6n@acquirethisname.com,9771,2021-04-13,"""Character design"""
8812424948,qclewer6o@miitbeian.gov.cn,1140,2021-03-11,"""Character design"""
8097933823,maysh6p@yahoo.co.jp,4476,2021-01-05,"""Coloring"""
9767478476,mandrieux6q@phpbb.com,7562,2021-10-11,"""Character design"""
7133457368,gboyen6r@privacy.gov.au,9528,2021-11-03,"""Character design"""
8213823903,jcocker6s@ebay.com,8642,2021-04-11,"""Coloring"""
5273110439,omcmorran6t@symantec.com,5341,2021-11-23,"""Character design"""
5500339849,ipiechnik6u@stanford.edu,911,2021-10-13,"""Character design"""
6231848133,brollinson6v@paginegialle.it,8538,2021-12-12,"""Coloring"""
774709563,zstockdale6w@netlog.com,3845,2021-09-03,"""Coloring"""
4121452775,ckiddey6x@mapquest.com,5791,2021-01-14,"""Background"""
6421012324,bsokale6y@mit.edu,3862,2021-03-20,"""Coloring"""
8922760978,nlovick6z@samsung.com,2531,2021-12-26,"""Coloring"""
781126305,cschohier70@nba.com,9804,2021-12-18,"""Character design"""
4864565647,amacgowing71@google.com.hk,7488,2021-06-02,"""Character design"""
8197605663,pmcilhone72@blogs.com,5865,2021-09-09,"""Background"""
2796849213,ldowsey73@opensource.org,3221,2021-12-17,"""Background"""
1891069693,gclarricoates74@netlog.com,907,2021-06-20,"""Character design"""
8800167074,elafferty75@flavors.me,9725,2021-05-26,"""Character design"""
3539779358,lbealing76@barnesandnoble.com,8322,2021-04-08,"""Background"""
1594758768,kblaksley77@uiuc.edu,9676,2021-08-10,"""Character design"""
4861030820,jhuckfield78@youku.com,6211,2021-11-19,"""Character design"""
3937416726,rmacbey79@upenn.edu,1681,2021-11-01,"""Character design"""
9767823361,aablitt7a@wired.com,6734,2021-11-18,"""Background"""
1276046731,tiianon7b@desdev.cn,3146,2021-12-27,"""Character design"""
5610884397,mhummerston7c@soundcloud.com,250,2021-02-21,"""Character design"""
7072512495,ccarman7d@vk.com,9231,2021-10-27,"""Coloring"""
6695529533,lwildman7e@dmoz.org,5421,2021-07-23,"""Character design"""
3665846724,jcheasman7f@blinklist.com,8100,2021-06-17,"""Character design"""
4069946897,slovelace7g@netscape.com,9799,2021-01-31,"""Coloring"""
1227971482,jvivien7h@google.ca,7024,2021-12-22,"""Background"""
6795113466,glethby7i@hp.com,9780,2021-04-29,"""Background"""
1793713454,rstafford7j@ow.ly,1522,2021-12-22,"""Character design"""
3936066941,lweedon7k@bloomberg.com,9986,2021-11-07,"""Character design"""
9377468857,tbosdet7l@cpanel.net,3931,2021-06-28,"""Character design"""
371887836,kdavidson7m@sakura.ne.jp,2389,2021-05-26,"""Character design"""
6748559770,mbellfield7n@ocn.ne.jp,2329,2021-12-23,"""Character design"""
8770530808,ddafforne7o@pbs.org,7983,2021-03-23,"""Coloring"""
4926625591,abyre7p@facebook.com,2198,2021-03-02,"""Coloring"""
957816330,spenticoot7q@unblog.fr,435,2021-09-03,"""Coloring"""
5767497678,zpatifield7r@ovh.net,9492,2021-08-16,"""Coloring"""
4883691949,sbehn7s@guardian.co.uk,8853,2021-01-13,"""Background"""
3514890964,mobradden7t@unicef.org,542,2021-12-07,"""Character design"""
5724916998,rpennycord7u@example.com,7014,2021-05-04,"""Character design"""
900508595,mdacks7v@oakley.com,2039,2021-03-16,"""Character design"""
8248657496,bpownall7w@biglobe.ne.jp,6366,2021-01-11,"""Coloring"""
5380591762,dkobierra7x@blogtalkradio.com,8346,2021-12-29,"""Character design"""
4565773615,adornin7y@zdnet.com,7522,2021-10-19,"""Background"""
8414105462,gkitchingman7z@freewebs.com,3904,2021-12-13,"""Character design"""
7701958778,khastewell80@123-reg.co.uk,4795,2021-10-04,"""Character design"""
8484002745,lmaceur81@google.ru,3909,2021-01-26,"""Background"""
4973129605,scaso82@house.gov,5664,2021-05-12,"""Character design"""
9136262092,bsapson83@google.pl,5809,2021-05-18,"""Character design"""
4069292966,acoate84@globo.com,9373,2021-05-31,"""Background"""
6985449475,kstud85@ftc.gov,8188,2021-06-30,"""Character design"""
2858859480,ametson86@webs.com,1136,2021-05-12,"""Character design"""
4989200504,rkahen87@hatena.ne.jp,6059,2021-02-23,"""Coloring"""
2355418679,wballingal88@statcounter.com,7047,2021-07-19,"""Character design"""
7084489997,cdaal89@4shared.com,7254,2021-07-31,"""Coloring"""
3804067292,oespin8a@vinaora.com,2078,2021-05-06,"""Character design"""
1373280175,gmottley8b@tamu.edu,2270,2021-04-13,"""Background"""
9344532881,dsmogur8c@archive.org,9697,2021-12-21,"""Background"""
8451218059,hcristea8d@ibm.com,1125,2021-03-08,"""Character design"""
7949138890,craggles8e@wikia.com,1483,2021-08-31,"""Coloring"""
3198088329,hlucus8f@com.com,2055,2021-01-26,"""Character design"""
2154372090,pquinnell8g@macromedia.com,4782,2021-08-05,"""Character design"""
6941136304,bwherton8h@admin.ch,4319,2021-11-25,"""Character design"""
615130863,lwillavize8i@macromedia.com,6513,2021-10-29,"""Character design"""
7642757957,bbelchem8j@wikipedia.org,6289,2021-02-12,"""Character design"""
5223413420,jandino8k@ifeng.com,7369,2021-04-22,"""Character design"""
8225051359,jflewan8l@princeton.edu,7039,2021-01-16,"""Background"""
9865986204,kong8m@g.co,3486,2021-09-05,"""Background"""
6865538886,vdrummond8n@friendfeed.com,1522,2021-07-09,"""Character design"""
4361339030,cghest8o@foxnews.com,9985,2021-06-07,"""Coloring"""
8479529957,mbaroux8p@thetimes.co.uk,1604,2021-12-24,"""Background"""
1802738303,imartell8q@nyu.edu,3914,2021-12-20,"""Coloring"""
1626241945,gdovidian8r@prlog.org,4008,2021-03-20,"""Character design"""
3834841251,ycavendish8s@baidu.com,6197,2021-05-02,"""Character design"""
5699180857,relvish8t@squidoo.com,5787,2021-10-26,"""Background"""
2377954547,strivett8u@booking.com,8230,2021-06-20,"""Coloring"""
8930828901,hhorribine8v@usgs.gov,9457,2021-04-22,"""Character design"""
1933415198,smelloy8w@whitehouse.gov,4571,2021-09-21,"""Character design"""
2608490453,tertel8x@booking.com,4092,2021-06-20,"""Coloring"""
175451906,gdarragon8y@pen.io,7585,2021-07-20,"""Background"""
587821173,lmaydwell8z@ustream.tv,7407,2021-07-26,"""Character design"""
7032100662,mgustus90@theglobeandmail.com,7277,2021-10-21,"""Character design"""
7981930417,sstowte91@archive.org,7800,2021-05-23,"""Character design"""
6658722006,fnorrey92@sina.com.cn,7476,2021-08-31,"""Character design"""
9813921845,lcowill93@nationalgeographic.com,2882,2021-02-19,"""Character design"""
2185994379,gmanston94@vistaprint.com,2636,2021-12-09,"""Coloring"""
3918583583,mtweedle95@ftc.gov,797,2021-03-16,"""Coloring"""
7020634862,mgooderson96@skype.com,9389,2021-04-13,"""Character design"""
4099760403,rkuschel97@usnews.com,6185,2021-05-13,"""Background"""
9157848112,sbreydin98@pen.io,5651,2021-08-02,"""Character design"""
4118301459,fsherwen99@techcrunch.com,2226,2021-07-11,"""Coloring"""
8561498571,atavener9a@epa.gov,2360,2021-05-17,"""Coloring"""
6322760809,tstapleton9b@xing.com,4165,2021-02-09,"""Character design"""
5850684299,litscovitz9c@blog.com,8090,2021-05-29,"""Coloring"""
6510112260,tahrens9d@gizmodo.com,1402,2021-11-19,"""Coloring"""
6604532434,gwestoff9e@networksolutions.com,966,2021-03-17,"""Background"""
7640654341,vplan9f@usgs.gov,7295,2021-05-04,"""Coloring"""
610000096,mnix9g@pagesperso-orange.fr,4946,2021-11-03,"""Character design"""
5534965693,knorwood9h@squarespace.com,3615,2021-01-19,"""Character design"""
3313535333,jmatteucci9i@a8.net,485,2021-07-19,"""Character design"""
8733335627,srentalll9j@army.mil,614,2021-09-27,"""Character design"""
1929955927,jeagar9k@arizona.edu,1125,2021-10-04,"""Character design"""
8548347945,scourtonne9l@mashable.com,6792,2021-12-22,"""Character design"""
9630744103,clavallie9m@networkadvertising.org,5914,2021-03-13,"""Coloring"""
1660570583,akeast9n@economist.com,7180,2021-04-14,"""Background"""
2721110262,gbeltzner9o@jalbum.net,876,2021-09-08,"""Coloring"""
9216828853,rkeppel9p@state.tx.us,8048,2021-03-14,"""Character design"""
5685174324,snower9q@goo.gl,215,2021-08-23,"""Character design"""
4378446091,mszach9r@wufoo.com,7819,2021-09-04,"""Background"""
2398493040,gdore9s@unesco.org,5883,2021-06-20,"""Background"""
2640262219,tstebbin9t@nytimes.com,3192,2021-06-29,"""Coloring"""
8578916210,abeldom9u@ca.gov,5632,2021-07-27,"""Character design"""
7335344472,mwagg9v@whitehouse.gov,9411,2021-07-31,"""Background"""
2201632354,jbarthram9w@elpais.com,1487,2021-07-14,"""Character design"""
6316138791,gdoumic9x@dailymail.co.uk,8954,2021-11-15,"""Character design"""
8901705849,rcraighill9y@wordpress.com,5221,2021-07-26,"""Character design"""
5272113413,fmatuszewski9z@sfgate.com,6378,2021-10-29,"""Character design"""
2115164628,dneasama0@pagesperso-orange.fr,2615,2021-05-21,"""Character design"""
1527660238,vsprossona1@theglobeandmail.com,2559,2021-10-31,"""Character design"""
4712390641,iboyesa2@google.com.au,7755,2021-02-20,"""Character design"""
6668887584,amonshalla3@unc.edu,936,2021-06-10,"""Background"""
8667562827,lpiggforda4@accuweather.com,5814,2021-03-29,"""Character design"""
929948209,jfinana5@wisc.edu,3876,2021-02-20,"""Character design"""
1915862567,lmerrgana6@stanford.edu,5902,2021-05-06,"""Character design"""
2315262475,hkimmingsa7@si.edu,5681,2021-09-13,"""Character design"""
6660016708,wpendletona8@privacy.gov.au,5368,2021-10-26,"""Character design"""
5991027812,abreama9@pen.io,4516,2021-02-14,"""Character design"""
5915206277,mbiasottiaa@goo.gl,8404,2021-08-30,"""Background"""
834082339,cmcreidyab@google.com.hk,425,2021-03-19,"""Character design"""
9771294754,cdagostiniac@rediff.com,1134,2021-06-18,"""Character design"""
723586963,gitzakovitzad@wordpress.com,8620,2021-04-07,"""Coloring"""
6586504776,sjellisae@plala.or.jp,2433,2021-07-24,"""Character design"""
7925369976,wfarncombeaf@indiegogo.com,6130,2021-10-11,"""Character design"""
6966952596,ltregeaag@sogou.com,4616,2021-11-28,"""Background"""
9946134229,lfannonah@bigcartel.com,2021,2021-07-06,"""Character design"""
2400803039,awinsparai@scribd.com,4623,2021-02-02,"""Character design"""
8254289838,dreburnaj@slashdot.org,6772,2021-11-12,"""Character design"""
4394855726,pscadingak@last.fm,9836,2021-12-26,"""Character design"""
5181539184,jpudgeal@delicious.com,3244,2021-07-26,"""Background"""
1668876580,fdoggam@elpais.com,7724,2021-09-20,"""Coloring"""
4921552729,posmondan@nationalgeographic.com,5282,2021-10-28,"""Background"""
2444562690,mnelthorpao@sciencedaily.com,9640,2021-01-07,"""Background"""
2661973855,lbarlassap@lulu.com,4643,2021-09-30,"""Character design"""
6661085330,bwinscombaq@vk.com,3522,2021-08-24,"""Coloring"""
2421164803,vwoodfordar@sun.com,583,2021-11-05,"""Background"""
9753850092,szukiermanas@intel.com,8595,2021-04-26,"""Character design"""
9712717463,ibuckellat@163.com,3112,2021-08-07,"""Coloring"""
7831925309,bhollowau@devhub.com,8764,2021-11-24,"""Coloring"""
2380641265,ablythinav@unc.edu,5172,2021-09-18,"""Background"""
1935944047,lmatiebeaw@e-recht24.de,4315,2021-11-03,"""Character design"""
3786509027,yartissax@upenn.edu,2777,2021-05-27,"""Character design"""
9504678611,lmcminnay@reverbnation.com,8394,2021-06-15,"""Character design"""
646103405,ebarriballaz@list-manage.com,7697,2021-09-28,"""Character design"""
8628526502,wgrevesonb0@craigslist.org,9892,2021-06-01,"""Character design"""
8288507818,mbrogib1@opera.com,1417,2021-06-28,"""Character design"""
3843352857,csammonsb2@examiner.com,3800,2021-06-06,"""Character design"""
4135258856,nchivertonb3@virginia.edu,5448,2021-10-31,"""Character design"""
5828653294,ctrusseb4@spiegel.de,2316,2021-06-15,"""Coloring"""
8993282022,cpavlasekb5@cmu.edu,2668,2021-06-24,"""Background"""
5704175092,avarrenb6@fotki.com,7921,2021-02-19,"""Coloring"""
4803089726,kdutsonb7@rakuten.co.jp,8173,2021-05-14,"""Coloring"""
9256537878,dwoolvettb8@ftc.gov,6901,2021-09-21,"""Coloring"""
7859341473,tfritschmannb9@cnn.com,5195,2021-12-26,"""Character design"""
3138774336,fmckendryba@state.tx.us,6677,2021-11-07,"""Character design"""
5526060543,cdelamarbb@wisc.edu,1519,2021-08-01,"""Background"""
3944789553,sbriffettbc@soup.io,1561,2021-01-11,"""Coloring"""
4733139938,evasquezbd@cloudflare.com,5676,2021-11-06,"""Character design"""
118011207,asantorabe@nhs.uk,4501,2021-05-19,"""Background"""
567293762,jdullardbf@virginia.edu,6322,2021-02-06,"""Coloring"""
6018434517,ameffinbg@homestead.com,5960,2021-10-13,"""Background"""
400584443,mbeatybh@gravatar.com,6001,2021-02-15,"""Character design"""
5407800197,estorkbi@mediafire.com,7893,2021-04-06,"""Character design"""
850550986,tjzakbj@yellowpages.com,9716,2021-08-13,"""Coloring"""
1319831714,gayresbk@issuu.com,7796,2021-08-08,"""Character design"""
3104269601,tzmitrovichbl@gmpg.org,5170,2021-06-01,"""Background"""
7245270933,dsinsonbm@earthlink.net,1201,2021-12-05,"""Character design"""
8837234688,vciobotarobn@amazon.de,9847,2021-09-25,"""Character design"""
2480580245,eandrzejakbo@upenn.edu,474,2021-01-17,"""Background"""
3346567064,iepiletbp@rakuten.co.jp,1734,2021-04-09,"""Character design"""
3782730968,dfavellebq@friendfeed.com,4624,2021-09-20,"""Coloring"""
2050268076,dcopseybr@craigslist.org,8485,2021-07-07,"""Coloring"""
571640204,lpauluccibs@delicious.com,4299,2021-05-07,"""Character design"""
1881989036,kmichinbt@chicagotribune.com,465,2021-08-15,"""Character design"""
8226040273,ebellingerbu@joomla.org,2549,2021-08-01,"""Coloring"""
9745592651,kwhereatbv@oakley.com,164,2021-01-03,"""Character design"""
3924994316,dsnedkerbw@mail.ru,4477,2021-10-22,"""Character design"""
7149984718,omilsombx@google.it,886,2021-06-01,"""Character design"""
3905805813,bhouriganby@cbslocal.com,3529,2021-09-30,"""Character design"""
2760067917,qcometsonbz@yandex.ru,3121,2021-04-02,"""Coloring"""
5563573760,tjardinc0@flavors.me,4175,2021-07-09,"""Coloring"""
4926946036,kbeltznerc1@about.com,6756,2021-10-29,"""Coloring"""
7954840776,tharfordc2@bizjournals.com,1260,2021-03-17,"""Character design"""
4591416921,lsmartc3@netlog.com,978,2021-06-07,"""Character design"""
2474147690,bapplewhitec4@addthis.com,8435,2021-02-22,"""Background"""
4082719274,cbannellc5@tinypic.com,7637,2021-04-26,"""Character design"""
6300049188,dwheblec6@oakley.com,5053,2021-01-09,"""Character design"""
9813895688,zrosenblattc7@fastcompany.com,5690,2021-05-04,"""Background"""
6512581912,sburkc8@netlog.com,5495,2021-10-25,"""Background"""
9787800915,gferencec9@tripadvisor.com,4875,2021-03-28,"""Coloring"""
3242184972,jmcgarahanca@ft.com,5410,2021-03-07,"""Coloring"""
5531824801,cpeetermanncb@blinklist.com,4412,2021-12-06,"""Character design"""
3208282938,gthorntoncc@naver.com,5969,2021-04-15,"""Background"""
8094816433,rskaincd@omniture.com,3461,2021-11-24,"""Background"""
9232044725,imacguigance@mayoclinic.com,946,2021-08-06,"""Character design"""
7611722630,dgoultercf@ihg.com,6785,2021-10-17,"""Character design"""
9757264756,ikenninghamcg@tinyurl.com,218,2021-12-24,"""Coloring"""
2658214079,cgirkinch@devhub.com,8910,2021-04-03,"""Coloring"""
3655056451,gcarlettoci@nasa.gov,7892,2021-10-31,"""Character design"""
5289960848,sdohertycj@vinaora.com,4334,2021-01-29,"""Background"""
8762175422,tstrewtherck@zdnet.com,374,2021-09-26,"""Character design"""
6513507892,rambrogicl@youku.com,4024,2021-10-06,"""Coloring"""
3169834912,tmilsapcm@geocities.jp,7217,2021-05-03,"""Background"""
2240454201,byoullcn@liveinternet.ru,2210,2021-07-02,"""Character design"""
66039504,ccristofarico@bloglines.com,9865,2021-04-13,"""Character design"""
9633196219,jashfordcp@cornell.edu,6054,2021-08-28,"""Character design"""
8395892375,tfriselcq@dagondesign.com,1015,2021-02-18,"""Background"""
9961541698,cflorescr@unesco.org,8679,2021-06-07,"""Character design"""
1613425347,tratleycs@shop-pro.jp,4518,2021-10-03,"""Coloring"""
3981315552,jspradberyct@infoseek.co.jp,4583,2021-03-15,"""Background"""
8608821959,tmacgoverncu@home.pl,7470,2021-06-24,"""Coloring"""
3632973739,acremencv@gravatar.com,9692,2021-03-20,"""Character design"""
7488797805,dsvanetticw@fotki.com,7315,2021-09-06,"""Background"""
265754322,spariscx@about.com,9276,2021-11-26,"""Character design"""
12947509,cmacbethcy@globo.com,7145,2021-01-15,"""Background"""
6205988182,ccolquitcz@cloudflare.com,965,2021-09-27,"""Background"""
5679277579,lkoppsd0@yahoo.com,6909,2021-10-27,"""Character design"""
8583741373,fbeachamd1@globo.com,1245,2021-01-13,"""Character design"""
1233234221,jturfordd2@spiegel.de,2526,2021-06-13,"""Coloring"""
4982817924,ichaperlind3@cnbc.com,1589,2021-07-19,"""Coloring"""
6791640836,calbarezd4@squidoo.com,7772,2021-12-13,"""Character design"""
1733252092,rolivetod5@cargocollective.com,8144,2021-05-01,"""Character design"""
6448350958,tbusherd6@virginia.edu,2098,2021-12-21,"""Character design"""
9991017688,bgilksd7@dropbox.com,9676,2021-09-16,"""Background"""
7518754384,flaurenced8@ocn.ne.jp,665,2021-09-28,"""Character design"""
5049782028,nlethcoed9@artisteer.com,8781,2021-12-03,"""Background"""
9755461468,ctommeida@webnode.com,1262,2021-08-01,"""Character design"""
9488907471,kjessedb@istockphoto.com,5085,2021-05-19,"""Coloring"""
5921223771,ttodmandc@elpais.com,4619,2021-10-31,"""Coloring"""
1785691719,gcockerelldd@princeton.edu,7371,2021-02-24,"""Coloring"""
6941246305,rcasarinode@ed.gov,3092,2021-09-19,"""Background"""
7981674715,rgiacobbodf@arstechnica.com,6154,2021-08-21,"""Background"""
4123851012,rmickadg@buzzfeed.com,5321,2021-12-13,"""Character design"""
3074711759,nlonsbroughdh@twitter.com,1351,2021-05-23,"""Character design"""
8074085280,qpresnaildi@soundcloud.com,553,2021-07-04,"""Background"""
5172878140,dclayhilldj@t-online.de,3819,2021-07-15,"""Background"""
111080890,gbyedk@zdnet.com,5521,2021-12-03,"""Character design"""
1270622261,nashmentdl@pen.io,2948,2021-06-02,"""Coloring"""
7473281185,rmaaszedm@wired.com,2295,2021-04-01,"""Coloring"""
6786003211,acolbertsondn@cdc.gov,3401,2021-03-19,"""Character design"""
9874190356,bmcspirrondo@pcworld.com,9578,2021-10-01,"""Coloring"""
6950461662,asiveterdp@bravesites.com,8529,2021-03-25,"""Character design"""
607480967,egrolledq@miitbeian.gov.cn,6418,2021-04-30,"""Character design"""
4911039071,afarrearsdr@scientificamerican.com,1092,2021-10-24,"""Coloring"""
1565618916,aaltoftsds@hud.gov,9358,2021-05-04,"""Coloring"""
627988516,jsiemensdt@newyorker.com,3143,2021-12-24,"""Coloring"""
4535300424,xeskriggdu@comcast.net,8802,2021-03-22,"""Character design"""
2375972992,dromerdv@house.gov,4099,2021-10-03,"""Character design"""
7774427077,ddelagnes2l@oaic.gov.au,1139,2021-08-25,"""Coloring"""
3331804564,tgarritley2m@toplist.cz,6472,2021-08-01,"""Character design"""
9391844326,gralfe2n@home.pl,7191,2021-01-21,"""Character design"""
9072142693,cosan2o@flickr.com,5056,2021-03-30,"""Character design"""
8604043485,aklimowski2p@netlog.com,9901,2021-03-02,"""Background"""
2113886155,mlowin2q@techcrunch.com,6900,2021-03-06,"""Background"""
5312936108,blippi2r@stanford.edu,1800,2021-03-30,"""Background"""
6681068376,wmabone2s@163.com,888,2021-01-14,"""Character design"""
8745784545,qrash2t@fastcompany.com,3436,2021-06-04,"""Character design"""
2698820820,eghidini2u@bbb.org,3131,2021-05-24,"""Background"""
9632899422,mmilliere2v@fc2.com,8780,2021-04-10,"""Character design"""
2489118559,bgronw2w@gizmodo.com,7836,2021-10-08,"""Background"""
4057319008,tflament2x@rambler.ru,3888,2021-03-17,"""Background"""
8635236407,npriddey2y@yale.edu,6047,2021-11-20,"""Coloring"""
6542453853,lmorman2z@netvibes.com,8608,2021-08-17,"""Character design"""
2690747074,kwarrington30@businessinsider.com,5740,2021-07-02,"""Background"""
2430003259,ccaseborne31@xing.com,8096,2021-07-14,"""Coloring"""
1152293610,gwreath32@ning.com,1465,2021-06-13,"""Character design"""
1885635028,beasseby33@liveinternet.ru,9314,2021-11-17,"""Character design"""
2534719873,ckolakovic34@ask.com,7362,2021-04-14,"""Character design"""
6356682168,mtonsley0@yellowpages.com,3128,2021-09-20,"""Character design"""
7098206055,lgroundwator1@bandcamp.com,5494,2021-02-01,"""Background"""
4540114664,cnutten2@slashdot.org,9647,2021-05-22,"""Background"""
6984295228,cfarrah3@issuu.com,5253,2021-09-10,"""Character design"""
843435804,pdeal4@salon.com,2651,2021-08-07,"""Background"""
7652621295,dfenck5@i2i.jp,5096,2021-12-25,"""Coloring"""
8346362253,fguilder6@nps.gov,6282,2021-02-11,"""Background"""
4581504161,nsherbrook7@prweb.com,7382,2021-03-21,"""Background"""
8064648463,clanfranconi8@ted.com,1093,2021-02-02,"""Coloring"""
5993176387,hcaen9@hubpages.com,7631,2021-11-19,"""Coloring"""
9829631721,emoiseya@ftc.gov,4163,2021-06-26,"""Coloring"""
2892333448,cadacotb@youtu.be,7719,2021-12-28,"""Character design"""
6423480204,ddemannc@qq.com,6544,2021-09-16,"""Character design"""
4060699266,sgrimwoodd@scribd.com,2975,2021-02-12,"""Coloring"""
1651402540,pchristiane@smugmug.com,2251,2021-12-26,"""Character design"""
5364590803,oskillf@comsenz.com,1279,2021-02-15,"""Coloring"""
497134412,mdackg@artisteer.com,128,2021-05-25,"""Character design"""
2755857241,vlabarreh@bravesites.com,4466,2021-08-25,"""Background"""
5508988884,mstertei@live.com,4869,2021-10-19,"""Background"""
659954167,idematteij@bbb.org,4918,2021-06-05,"""Coloring"""
61870401,amilsteadk@ucoz.com,8682,2021-05-15,"""Character design"""
1349618074,kdonnersbergl@rakuten.co.jp,6829,2021-07-30,"""Background"""
2219285816,gkarpetsm@wisc.edu,2279,2021-12-02,"""Character design"""
7911115004,egahagann@oaic.gov.au,9703,2021-04-19,"""Coloring"""
4069669028,jandraudo@ft.com,7912,2021-04-08,"""Coloring"""
7871375602,cmcgarelp@yandex.ru,8494,2021-05-13,"""Coloring"""
2610603212,jburbidgeq@msu.edu,9578,2021-11-05,"""Background"""
4055438683,aleydenr@bloglines.com,2748,2021-04-16,"""Coloring"""
4118230636,kkoppess@foxnews.com,823,2021-01-30,"""Character design"""
7150959579,mgimbert@timesonline.co.uk,2478,2021-03-11,"""Background"""
2565929940,rnevettu@nydailynews.com,314,2021-12-17,"""Coloring"""
3012920048,cthingv@opensource.org,1098,2021-08-26,"""Character design"""
3947682055,wgreenliesw@hexun.com,7755,2021-07-31,"""Character design"""
7518029718,tivashnyovx@tripod.com,8464,2021-01-04,"""Character design"""
5329628987,obaigriey@mail.ru,4412,2021-08-22,"""Coloring"""
2562250695,csmalemanz@amazon.com,7147,2021-02-01,"""Background"""
9606602247,gbowkley10@acquirethisname.com,9356,2021-09-14,"""Coloring"""
2921952388,vfarron11@ezinearticles.com,9104,2021-05-23,"""Background"""
2702536251,dvernau12@github.io,5655,2021-10-25,"""Character design"""
3948028545,bwitherden13@twitter.com,833,2021-02-25,"""Coloring"""
7566666826,eghidini2u@bbb.org,9171,2021-10-23,"""Character design"""
7938712671,mmilliere2v@fc2.com,982,2021-07-01,"""Coloring"""
1135840460,bgronw2w@gizmodo.com,4045,2021-08-22,"""Background"""
8455863372,tflament2x@rambler.ru,5149,2021-01-13,"""Background"""
7539867974,npriddey2y@yale.edu,4026,2021-07-02,"""Character design"""
2927917013,lmorman2z@netvibes.com,8296,2021-09-28,"""Background"""
2167444858,kwarrington30@businessinsider.com,8974,2021-04-28,"""Character design"""
6231370415,ccaseborne31@xing.com,9200,2021-01-26,"""Background"""
4881885811,gwreath32@ning.com,4272,2021-06-17,"""Background"""
7723288782,beasseby33@liveinternet.ru,721,2021-04-16,"""Character design"""
5121804462,ckolakovic34@ask.com,8867,2021-01-29,"""Background"""
1281048578,bhouriganby@cbslocal.com,1951,2021-05-16,"""Background"""
760265161,qcometsonbz@yandex.ru,7383,2021-01-17,"""Character design"""
6048814017,tjardinc0@flavors.me,9684,2021-05-10,"""Character design"""
1338657216,kbeltznerc1@about.com,9920,2021-08-24,"""Background"""
5217841208,tharfordc2@bizjournals.com,6332,2021-07-08,"""Character design"""
6152640386,lsmartc3@netlog.com,6517,2021-09-26,"""Coloring"""
363039983,bapplewhitec4@addthis.com,2136,2021-05-26,"""Character design"""
7476994384,cbannellc5@tinypic.com,1963,2021-05-26,"""Character design"""
7678026667,dwheblec6@oakley.com,9023,2021-08-08,"""Background"""
141552981,zrosenblattc7@fastcompany.com,8639,2021-06-17,"""Background"""
5390679704,sburkc8@netlog.com,223,2021-09-26,"""Background"""
4181277740,gferencec9@tripadvisor.com,3761,2021-03-31,"""Coloring"""
9640209725,jmcgarahanca@ft.com,9332,2021-03-04,"""Background"""
295698522,cpeetermanncb@blinklist.com,8891,2021-10-25,"""Character design"""
4746172855,gthorntoncc@naver.com,8673,2021-05-09,"""Background"""
6891329744,rskaincd@omniture.com,9023,2021-07-11,"""Background"""
819756792,imacguigance@mayoclinic.com,1919,2021-05-30,"""Coloring"""
8130978892,dgoultercf@ihg.com,2650,2021-04-10,"""Coloring"""
6154775319,ikenninghamcg@tinyurl.com,143,2021-12-08,"""Character design"""
9933434083,cgirkinch@devhub.com,4205,2021-08-08,"""Background"""
7326082340,gcarlettoci@nasa.gov,9864,2021-10-23,"""Background"""
1848160291,sdohertycj@vinaora.com,5547,2021-10-11,"""Background"""
1855633421,tstrewtherck@zdnet.com,9216,2021-01-14,"""Character design"""
786766352,rambrogicl@youku.com,3900,2021-01-24,"""Coloring"""
5274957844,tmilsapcm@geocities.jp,4560,2021-02-25,"""Background"""
5376022385,byoullcn@liveinternet.ru,9959,2021-07-14,"""Character design"""
6453751236,ccristofarico@bloglines.com,9631,2021-04-30,"""Character design"""
3867338345,jashfordcp@cornell.edu,2521,2021-05-21,"""Background"""
6441326809,tfriselcq@dagondesign.com,117,2021-08-04,"""Background"""
4358069477,cflorescr@unesco.org,937,2021-12-27,"""Background"""
5602518570,tratleycs@shop-pro.jp,5432,2021-01-30,"""Character design"""
4775824018,jspradberyct@infoseek.co.jp,5533,2021-02-02,"""Coloring"""
7470764763,tmacgoverncu@home.pl,2033,2021-01-22,"""Character design"""
4940475875,acremencv@gravatar.com,8456,2021-09-14,"""Background"""
5275625828,dsvanetticw@fotki.com,3858,2021-03-03,"""Character design"""
3071458270,spariscx@about.com,9219,2021-11-13,"""Background"""
2765729334,cmacbethcy@globo.com,6957,2021-12-17,"""Coloring"""
2938263886,ccolquitcz@cloudflare.com,1896,2021-06-20,"""Background"""
1125192524,lkoppsd0@yahoo.com,2118,2021-06-24,"""Character design"""
7861095840,fbeachamd1@globo.com,5303,2021-09-18,"""Character design"""
1583858357,jturfordd2@spiegel.de,367,2021-08-23,"""Character design"""
2524377703,ichaperlind3@cnbc.com,8965,2021-03-10,"""Background"""
622558865,calbarezd4@squidoo.com,9601,2021-03-23,"""Character design"""
4237023425,rolivetod5@cargocollective.com,1412,2021-10-19,"""Character design"""
4552009592,tbusherd6@virginia.edu,2816,2021-12-23,"""Background"""
7944066915,bgilksd7@dropbox.com,3657,2021-07-10,"""Background"""
1348985172,flaurenced8@ocn.ne.jp,6253,2021-10-08,"""Character design"""
749690886,nlethcoed9@artisteer.com,8084,2021-06-30,"""Character design"""
6255317618,ctommeida@webnode.com,9616,2021-08-24,"""Background"""
8054713390,kjessedb@istockphoto.com,1564,2021-03-31,"""Background"""
3303509300,ttodmandc@elpais.com,5439,2021-01-07,"""Character design"""
4677026932,gcockerelldd@princeton.edu,7370,2021-06-08,"""Coloring"""
754868031,rcasarinode@ed.gov,4654,2021-12-25,"""Character design"""
9742948905,rgiacobbodf@arstechnica.com,7401,2021-08-21,"""Background"""
1361748750,rmickadg@buzzfeed.com,5953,2021-02-08,"""Background"""
1428369566,nlonsbroughdh@twitter.com,9706,2021-02-27,"""Coloring"""
4309453201,qpresnaildi@soundcloud.com,5498,2021-03-24,"""Character design"""
2233128943,dclayhilldj@t-online.de,1697,2021-04-21,"""Coloring"""
4261180171,gbyedk@zdnet.com,3587,2021-09-28,"""Character design"""
1522655795,nashmentdl@pen.io,7547,2021-10-12,"""Background"""
4188881287,rmaaszedm@wired.com,5678,2021-10-27,"""Coloring"""
7355462332,acolbertsondn@cdc.gov,9609,2021-08-18,"""Character design"""
8896180470,bmcspirrondo@pcworld.com,3609,2021-02-17,"""Character design"""
3501194333,asiveterdp@bravesites.com,9180,2021-02-16,"""Character design"""
9816872137,egrolledq@miitbeian.gov.cn,1426,2021-04-01,"""Coloring"""
6278979063,afarrearsdr@scientificamerican.com,239,2021-12-14,"""Coloring"""
8700652650,aaltoftsds@hud.gov,9631,2021-05-03,"""Background"""
8179168823,jsiemensdt@newyorker.com,1622,2021-06-07,"""Character design"""
9830846557,xeskriggdu@comcast.net,8147,2021-04-05,"""Coloring"""
2159019777,dromerdv@house.gov,4344,2021-09-03,"""Character design"""
8054893078,mtonsley0@yellowpages.com,846,2021-02-15,"""Coloring"""
4796428284,lgroundwator1@bandcamp.com,932,2021-05-18,"""Character design"""
5472332611,cnutten2@slashdot.org,3895,2021-01-13,"""Character design"""
5994917152,cfarrah3@issuu.com,1750,2021-09-08,"""Coloring"""
6185579288,pdeal4@salon.com,1524,2021-02-10,"""Character design"""
4126479181,dfenck5@i2i.jp,5825,2021-10-05,"""Character design"""
1086294354,fguilder6@nps.gov,3269,2021-06-14,"""Background"""
6173156492,nsherbrook7@prweb.com,6729,2021-09-07,"""Background"""
7110774543,clanfranconi8@ted.com,2717,2021-12-30,"""Character design"""
4132750615,hcaen9@hubpages.com,9915,2021-07-15,"""Character design"""
4583670722,emoiseya@ftc.gov,7167,2021-10-05,"""Coloring"""
7923145934,cadacotb@youtu.be,9886,2021-02-03,"""Coloring"""
888545253,ddemannc@qq.com,8126,2021-12-04,"""Character design"""
562027503,sgrimwoodd@scribd.com,289,2021-09-08,"""Character design"""
2503062336,pchristiane@smugmug.com,4206,2021-08-08,"""Character design"""
548068259,oskillf@comsenz.com,1413,2021-01-26,"""Background"""
8589856424,mdackg@artisteer.com,8881,2021-03-12,"""Background"""
8996736563,vlabarreh@bravesites.com,9372,2021-07-16,"""Character design"""
2950899670,mstertei@live.com,2278,2021-12-27,"""Coloring"""
1802452462,idematteij@bbb.org,5176,2021-05-18,"""Character design"""
1161515200,amilsteadk@ucoz.com,952,2021-04-03,"""Character design"""
9448084148,kdonnersbergl@rakuten.co.jp,9389,2021-11-14,"""Coloring"""
2898499197,gkarpetsm@wisc.edu,3503,2021-11-07,"""Character design"""
3954176736,egahagann@oaic.gov.au,677,2021-02-17,"""Character design"""
1237042121,jandraudo@ft.com,7553,2021-08-18,"""Character design"""
2018574462,cmcgarelp@yandex.ru,9595,2021-04-29,"""Coloring"""
7725902485,jburbidgeq@msu.edu,3623,2021-12-28,"""Character design"""
7397428985,aleydenr@bloglines.com,6456,2021-05-22,"""Coloring"""
478372657,kkoppess@foxnews.com,171,2021-06-22,"""Coloring"""
4839898184,mgimbert@timesonline.co.uk,872,2021-10-16,"""Coloring"""
4400381384,rnevettu@nydailynews.com,3636,2021-09-26,"""Background"""
1555077631,cthingv@opensource.org,9419,2021-08-25,"""Coloring"""
5520882621,wgreenliesw@hexun.com,2039,2021-12-16,"""Character design"""
1221359327,tivashnyovx@tripod.com,4642,2021-12-16,"""Character design"""
8101070206,obaigriey@mail.ru,8681,2021-10-23,"""Background"""
8361513863,csmalemanz@amazon.com,3024,2021-07-03,"""Character design"""
7078707905,gbowkley10@acquirethisname.com,271,2021-08-01,"""Character design"""
6640657318,vfarron11@ezinearticles.com,762,2021-04-14,"""Background"""
8960058873,dvernau12@github.io,1267,2021-01-29,"""Character design"""
5987360956,bwitherden13@twitter.com,7909,2021-10-22,"""Coloring"""
1061676836,rmcguff14@cam.ac.uk,8580,2021-11-11,"""Coloring"""
7395179053,jkellaway15@ftc.gov,4897,2021-11-29,"""Character design"""
6322329688,dlangthorn16@twitpic.com,2573,2021-03-17,"""Background"""
7354532608,cjack17@dion.ne.jp,2146,2021-05-31,"""Background"""
9369660416,fslorach18@example.com,3924,2021-03-08,"""Character design"""
9625197048,alimbrick19@ovh.net,2446,2021-04-11,"""Background"""
150286319,rkamiyama1a@globo.com,7876,2021-04-06,"""Background"""
5404004603,paubin1b@wsj.com,5614,2021-09-06,"""Background"""
8512622980,sireland1c@amazon.co.jp,3179,2021-10-16,"""Coloring"""
9631823002,hhelversen1d@dot.gov,1324,2021-07-21,"""Background"""
1946191846,wpeeter1e@eventbrite.com,4071,2021-04-03,"""Character design"""
7083773508,gcastro1f@miibeian.gov.cn,9889,2021-06-28,"""Coloring"""
5057482523,dirnys1g@merriam-webster.com,5939,2021-04-26,"""Coloring"""
9704507101,hdurbridge1h@cpanel.net,784,2021-01-06,"""Character design"""
7350582281,edryburgh1i@mac.com,674,2021-05-02,"""Background"""
8263563015,cocalleran1j@sciencedaily.com,6594,2021-06-17,"""Character design"""
4500932891,smacdonald1k@youtube.com,3111,2021-10-08,"""Background"""
383220186,vpigeon1l@comsenz.com,3666,2021-04-29,"""Character design"""
5298139607,cmccome1m@wordpress.org,6191,2021-07-02,"""Background"""
2577697948,mdefreyne1n@oakley.com,3019,2021-10-19,"""Background"""
711662851,sabdie1o@wikipedia.org,9141,2021-02-04,"""Background"""
9234109003,ryoxall1p@jiathis.com,7218,2021-03-01,"""Character design"""
894165232,jlilliman1q@nsw.gov.au,9677,2021-01-23,"""Character design"""
9226045000,mflanaghan1r@dailymotion.com,7529,2021-11-16,"""Character design"""
3183165891,oboraston1s@dropbox.com,4319,2021-02-20,"""Background"""
4987554510,gerat1t@ft.com,2020,2021-08-22,"""Coloring"""
8085009642,jstirton1u@washington.edu,5070,2021-01-20,"""Coloring"""
4827862419,cmacpike1v@vkontakte.ru,5240,2021-04-06,"""Character design"""
4880369498,amaryin1w@independent.co.uk,309,2021-09-22,"""Background"""
3069045425,sazemar1x@tripadvisor.com,1122,2021-09-05,"""Coloring"""
9247987998,aluff1y@google.com.au,2845,2021-02-21,"""Character design"""
1913177595,ntimperley1z@wikispaces.com,7348,2021-12-22,"""Character design"""
6070102798,lwestmancoat20@theguardian.com,347,2021-08-31,"""Coloring"""
9779857090,ibernolet21@nasa.gov,1774,2021-04-19,"""Character design"""
3811399043,malen22@toplist.cz,4672,2021-06-27,"""Character design"""
9828152992,mdishman23@independent.co.uk,9664,2021-07-12,"""Character design"""
729076597,akinner24@jalbum.net,8868,2021-04-08,"""Character design"""
775927581,clettington25@tamu.edu,1057,2021-01-16,"""Background"""
8064512577,frubinow26@newsvine.com,1197,2021-11-05,"""Character design"""
4935648782,wdurdle27@youtu.be,8427,2021-11-07,"""Background"""
7668150616,sfirsby28@alexa.com,1136,2021-02-26,"""Character design"""
9339799922,dkuhn29@columbia.edu,7369,2021-01-22,"""Coloring"""
8372767386,jstirton1u@washington.edu,5052,2021-01-05,"""Coloring"""
9995623158,cmacpike1v@vkontakte.ru,3769,2021-12-21,"""Background"""
7288913300,amaryin1w@independent.co.uk,3394,2021-02-02,"""Character design"""
9084752424,sazemar1x@tripadvisor.com,7260,2021-06-06,"""Character design"""
8458542550,aluff1y@google.com.au,7462,2021-01-30,"""Coloring"""
2699513429,ntimperley1z@wikispaces.com,1958,2021-08-28,"""Character design"""
1839980895,lwestmancoat20@theguardian.com,3337,2021-06-08,"""Background"""
2384389770,ibernolet21@nasa.gov,2463,2021-12-04,"""Character design"""
7762260221,malen22@toplist.cz,4912,2021-05-12,"""Character design"""
6695345949,mdishman23@independent.co.uk,8116,2021-07-12,"""Character design"""
2900106256,akinner24@jalbum.net,7555,2021-03-01,"""Coloring"""
6142542967,clettington25@tamu.edu,3924,2021-04-25,"""Character design"""
383024467,frubinow26@newsvine.com,4480,2021-09-18,"""Character design"""
6664508313,wdurdle27@youtu.be,3039,2021-03-06,"""Character design"""
8050301317,sfirsby28@alexa.com,4245,2021-09-03,"""Character design"""
8899059011,dkuhn29@columbia.edu,7707,2021-08-02,"""Character design"""
9207991487,liannuzzelli2a@storify.com,7350,2021-12-15,"""Character design"""
3896437866,ckauffman2b@drupal.org,7156,2021-02-02,"""Character design"""
5055177485,sswinglehurst2c@cisco.com,8571,2021-08-21,"""Coloring"""
1087222313,gwoodruffe2d@hugedomains.com,6657,2021-04-29,"""Character design"""
4983797003,twishkar2e@europa.eu,1250,2021-08-09,"""Background"""
5022589235,rshermore2f@canalblog.com,4594,2021-07-26,"""Background"""
1404432410,mcordova2g@fema.gov,5596,2021-12-15,"""Character design"""
401318256,cmuris2h@merriam-webster.com,5179,2021-10-06,"""Character design"""
2281949279,mfranzetti2i@seattletimes.com,9961,2021-04-28,"""Character design"""
5791329612,lblazynski2j@woothemes.com,5886,2021-05-12,"""Character design"""
4406947108,aschimann2k@adobe.com,7170,2021-06-30,"""Character design"""
163946546,ddelagnes2l@oaic.gov.au,2774,2021-08-22,"""Coloring"""
2880002466,tgarritley2m@toplist.cz,2115,2021-03-10,"""Background"""
4445003503,aschimann2k@adobe.com,4369,2021-10-24,"""Character design"""
5445920878,ddelagnes2l@oaic.gov.au,9395,2021-03-29,"""Character design"""
4366985831,tgarritley2m@toplist.cz,8765,2021-03-21,"""Character design"""
8437748771,gralfe2n@home.pl,5748,2021-04-30,"""Coloring"""
221940113,cosan2o@flickr.com,743,2021-04-30,"""Character design"""
4690075625,aklimowski2p@netlog.com,3662,2021-05-15,"""Character design"""
6582943668,mlowin2q@techcrunch.com,9928,2021-05-12,"""Character design"""
3895221438,blippi2r@stanford.edu,5714,2021-04-23,"""Character design"""
928669194,wmabone2s@163.com,7487,2021-08-14,"""Coloring"""
1315039372,qrash2t@fastcompany.com,4418,2021-10-10,"""Character design"""
3579621249,eghidini2u@bbb.org,2126,2021-10-03,"""Character design"""
9217323058,mmilliere2v@fc2.com,2745,2021-10-30,"""Background"""
8165447640,bgronw2w@gizmodo.com,8594,2021-04-07,"""Background"""
6279850,tflament2x@rambler.ru,5254,2021-01-06,"""Character design"""
3912122000,npriddey2y@yale.edu,2206,2021-12-02,"""Character design"""
9401901294,lmorman2z@netvibes.com,1920,2021-11-02,"""Background"""
9261953648,kwarrington30@businessinsider.com,8229,2021-07-17,"""Background"""
9681847236,ccaseborne31@xing.com,6251,2021-05-03,"""Background"""
2777514255,gwreath32@ning.com,4976,2021-04-28,"""Character design"""
8341508272,beasseby33@liveinternet.ru,4995,2021-05-11,"""Character design"""
991646305,ckolakovic34@ask.com,5256,2021-05-15,"""Character design"""
547708752,kechalie35@instagram.com,1712,2021-06-14,"""Character design"""
2392281398,kolden36@meetup.com,8748,2021-03-20,"""Character design"""
4478996066,toutram37@nymag.com,3505,2021-11-27,"""Character design"""
9555286421,myaakov38@gravatar.com,5789,2021-10-26,"""Character design"""
768714734,fatkinson39@ow.ly,1115,2021-08-11,"""Background"""
4601917800,kdrews3a@fastcompany.com,4013,2021-03-22,"""Character design"""
1622151023,jrobbings3b@spotify.com,8012,2021-10-01,"""Background"""
2777996539,dstroyan3c@tuttocitta.it,3120,2021-12-14,"""Character design"""
7493631707,cschnitter3d@kickstarter.com,5205,2021-03-10,"""Character design"""
9079839974,mrecke3e@meetup.com,7410,2021-08-02,"""Character design"""
3808751434,lscurrer3f@fema.gov,8615,2021-11-02,"""Character design"""
9028892827,rwelbelove3g@oaic.gov.au,5324,2021-08-28,"""Character design"""
9088287023,mlambregts3h@mediafire.com,3384,2021-02-20,"""Character design"""
9328335341,rmalarkey3i@deviantart.com,4977,2021-09-02,"""Background"""
7086700764,mchristofor3j@ovh.net,2841,2021-04-09,"""Character design"""
9692734727,slusty3k@paypal.com,5450,2021-06-21,"""Background"""
2408259862,dsurman3l@sciencedirect.com,2269,2021-04-15,"""Character design"""
5701246308,bpassy3m@desdev.cn,8729,2021-09-02,"""Coloring"""
6625213229,cyearnes3n@economist.com,3402,2021-01-27,"""Background"""
6650899785,ggoulder3o@vk.com,7094,2021-10-24,"""Coloring"""
6097330928,tfolbige3p@pen.io,7328,2021-08-17,"""Character design"""
1034843918,bstitson3q@japanpost.jp,9102,2021-07-10,"""Background"""
8200438511,mcoldman3r@icio.us,4337,2021-08-07,"""Background"""
9252661510,mschulze3s@goodreads.com,6934,2021-03-10,"""Coloring"""
5338554834,gredford3t@github.io,9981,2021-11-19,"""Character design"""
2416587276,pcargenven47@netvibes.com,1306,2021-03-31,"""Character design"""
999950641,mmumbeson48@xing.com,9810,2021-09-25,"""Character design"""
