cid,phoneNum,shippingInfo,email,cname
532206,094-644-9210,826 Hollow Ridge Way,bgeary0@cloudflare.com,Babette
145435,036-796-7918,1868 Paget Lane,ecuncarr1@google.fr,Erasmus
932322,292-816-2358,38 Coolidge Crossing,jdils2@google.ru,Jeanie
887043,955-009-0791,6367 Anhalt Plaza,tsergean3@wunderground.com,Tamarah
470637,520-315-3712,63851 Summit Lane,mrevel4@pbs.org,Michell
40265,715-245-6916,2089 Merry Center,ctimmermann5@cdc.gov,Carmita
503702,631-190-7445,5 Shelley Plaza,sblythin6@earthlink.net,Sadye
364076,493-246-2878,57 Rieder Road,hhearne7@purevolume.com,Hilde
388006,229-923-7906,76042 Hagan Avenue,ajosipovic8@tumblr.com,Andras
515914,540-504-8724,85945 Harper Trail,glightollers9@oakley.com,Gwenore
300739,994-411-8741,14 Stuart Pass,bchandlara@weather.com,Babbette
967926,309-544-1140,9 Barnett Point,kplayhillb@sina.com.cn,Kingston
236658,822-834-1388,5 Delaware Alley,jdarragonc@ca.gov,Janie
772403,983-837-4646,43 Delaware Avenue,bgabed@google.com.au,Bobbi
783433,251-119-5954,9 Carpenter Trail,ccutbirthe@hc360.com,Charmine
78118,861-271-5842,0719 Lighthouse Bay Terrace,rjedrysikf@prweb.com,Rosina
574484,001-061-3073,48641 Bluejay Lane,tfazackerleyg@nih.gov,Terrel
785260,156-713-7455,0 Alpine Court,gmuirh@uol.com.br,Gloriane
358836,754-470-2457,8 Jana Circle,tpoinsetti@pen.io,Tabbatha
497817,565-516-7652,316 Clemons Alley,rniccolsj@umn.edu,Reg
211357,009-699-8805,47 Bunting Way,mskynerk@scribd.com,Malynda
166368,861-754-7426,282 Russell Way,byockneyl@amazonaws.com,Beatrice
349138,720-481-4165,1 Haas Hill,jeasterbrookm@indiegogo.com,Jacquenetta
177642,361-922-3098,39449 Mcbride Plaza,lblonfieldn@yellowbook.com,Lilla
996205,899-810-0411,5 Dorton Plaza,pklebeso@free.fr,Papagena
58409,280-769-0131,66423 Bayside Center,rbarefordp@usgs.gov,Robbyn
945274,558-608-8696,98345 Lyons Point,vmetzelq@simplemachines.org,Vinson
68427,383-875-4340,3 Sloan Plaza,bjedraszekr@multiply.com,Berke
901691,533-379-7789,6369 Center Drive,eiskowiczs@devhub.com,Erroll
123007,209-870-4829,09 Havey Court,gcroftst@walmart.com,Gallagher
759065,506-948-8793,972 West Hill,plountu@si.edu,Patti
656513,570-634-0561,8 Forster Junction,ctinmouthv@ocn.ne.jp,Clywd
463077,237-346-6414,9 Sommers Junction,tchatbandw@baidu.com,Timothea
163688,177-217-1069,30759 Dayton Hill,hguiduccix@google.com.hk,Hillard
364864,804-594-8353,09 Merry Point,eraycrofty@globo.com,Ester
969170,857-123-4017,4 Glendale Pass,mcaigz@google.nl,Melvin
990141,193-129-5982,089 Montana Lane,drainsbury10@ted.com,Diahann
354241,891-432-3384,2583 Schlimgen Trail,tstebbin11@bbb.org,Todd
823503,894-632-5409,1107 Debs Park,bhitschke12@rakuten.co.jp,Beatrix
692044,206-120-2907,2 Erie Parkway,rpitrollo13@digg.com,Raymund
206401,210-196-2205,8 Sauthoff Alley,csetchell14@cnbc.com,Cazzie
294632,655-661-9098,366 Trailsway Pass,mcorah15@squidoo.com,Mae
819132,872-636-5385,0 Service Way,thaskell16@yolasite.com,Timotheus
283789,248-975-5445,00 Independence Hill,kbratcher17@upenn.edu,Kirsten
552984,160-560-6773,991 Toban Junction,shurle18@bbc.co.uk,Shena
799719,303-102-3349,7507 Harper Point,vcaro19@weather.com,Valdemar
383389,470-296-8380,75 Nobel Trail,cdavidovits1a@jalbum.net,Cordy
136551,109-634-0184,8 Troy Terrace,bheindrick1b@odnoklassniki.ru,Barth
855583,293-235-6323,7 Scott Place,ewilbud1c@wordpress.org,Elie
579466,591-589-9615,713 High Crossing Trail,asawkins1d@sun.com,Aldous
250992,753-222-2785,09639 Union Avenue,apetraitis1e@networksolutions.com,Alic
145198,387-223-7913,49 New Castle Pass,lderoche1f@mozilla.org,Lauri
782546,626-949-0964,20 John Wall Road,gjasik1g@eventbrite.com,Giorgio
22505,240-892-0947,415 Monterey Court,rcleever1h@booking.com,Raphaela
440643,442-204-2219,87 Heath Alley,briding1i@illinois.edu,Bonny
297681,457-479-9984,6122 Daystar Crossing,phammerberg1j@yellowpages.com,Patty
557621,656-399-2098,39 Clyde Gallagher Crossing,lruslin1k@yolasite.com,Lilla
59813,213-169-5208,174 Milwaukee Trail,zwale1l@icio.us,Zita
523813,760-182-5937,332 Roth Center,mmaddie1m@mayoclinic.com,Marlon
54516,558-733-5461,057 Glacier Hill Place,ebumpas1n@stumbleupon.com,Emilia
247283,108-130-3949,658 Brentwood Parkway,rhuortic1o@berkeley.edu,Roze
372194,240-817-9236,47631 Acker Place,dmallya1p@cnet.com,Doro
565042,725-848-2131,9519 Southridge Junction,sreese1q@baidu.com,Spence
788263,584-647-1237,69379 Sage Avenue,chacket1r@utexas.edu,Catherine
117084,659-140-5432,6151 Manitowish Parkway,sstrugnell1s@1und1.de,Sayres
668436,446-866-4198,85267 Aberg Trail,atimson1t@ehow.com,Angelina
494952,968-737-5851,93127 Lake View Road,gcarless1u@so-net.ne.jp,Genovera
893514,418-037-1143,6242 Lighthouse Bay Terrace,cferenczy1v@skyrock.com,Caressa
574426,108-083-1495,74 Caliangt Drive,bwarbeys1w@hexun.com,Baryram
411732,460-937-6807,43 New Castle Alley,opendle1x@youtu.be,Olvan
167242,314-041-2390,56 Ilene Point,gbromwich1y@ebay.com,Giordano
591458,833-928-1548,743 Eastlawn Junction,twellum1z@miibeian.gov.cn,Teodorico
665417,356-910-9149,853 Hazelcrest Point,strood20@cbsnews.com,Sigismond
851444,066-867-3716,677 Anderson Hill,lponceford21@sphinn.com,Lorine
784151,963-865-6378,027 Express Hill,ekless22@sakura.ne.jp,Erroll
810721,823-292-2156,74195 Bultman Hill,emattheus23@youtube.com,Ervin
870224,763-251-1205,8550 Gerald Place,smassard24@technorati.com,Sly
896693,146-132-6756,590 Lyons Park,rlazenbury25@infoseek.co.jp,Reinwald
991007,189-608-6179,938 Elka Circle,xeakins26@bravesites.com,Ximenez
222064,462-755-8789,74474 Mcbride Lane,cklimmek27@msn.com,Charissa
798119,792-806-5173,35303 Packers Court,rmcreynold28@etsy.com,Rhea
79296,324-856-0773,0 Pearson Court,farnau29@wordpress.org,Fionnula
746954,804-273-2865,257 Hudson Court,dchristescu2a@domainmarket.com,Darice
869645,275-748-4509,6 Stephen Lane,gconeley2b@sun.com,Giacomo
105406,636-199-5632,35280 Quincy Court,hgladebeck2c@answers.com,Hetty
453895,937-773-7178,8 Golden Leaf Junction,sgrimshaw2d@free.fr,Shandy
637967,323-036-2412,1583 Coleman Park,wchainey2e@barnesandnoble.com,Wilton
994599,858-554-5606,41203 Sherman Street,cfoystone2f@wisc.edu,Carr
129618,108-489-5401,5 Burning Wood Junction,tfitzgibbon2g@1688.com,Tallou
647944,183-454-4522,40 Washington Circle,gamesbury2h@senate.gov,Goraud
684669,083-351-1974,0682 Longview Terrace,baloshkin2i@who.int,Bevin
64853,251-605-5064,3 Granby Crossing,gbottom2j@wp.com,Gabriele
477376,996-418-9315,57 Logan Circle,mmintoff2k@ycombinator.com,Merv
917206,590-466-8542,881 Dahle Hill,rayerst2l@goo.ne.jp,Reta
677440,550-604-8156,782 Karstens Terrace,blurriman2m@ebay.com,Bethany
262798,356-257-4635,1 Mayfield Parkway,dolin2n@amazon.de,Dorian
460560,506-490-2463,7357 Schurz Lane,tcollopy2o@yale.edu,Toma
297248,206-404-9714,2505 Porter Avenue,vofield2p@hugedomains.com,Vyky
390827,121-064-9671,575 Cherokee Plaza,aflea2q@sphinn.com,Arny
723973,398-862-2875,8 Holmberg Court,asandilands2r@squidoo.com,Ailina
210236,915-901-6237,05291 Russell Way,ehouseley2s@discovery.com,Estelle
442323,955-247-7535,682 Ruskin Alley,ecatmull2t@sbwire.com,Enrichetta
79988,409-633-1081,23358 Bellgrove Avenue,myesinov2u@netlog.com,Marcos
998162,465-352-2417,2869 Jenifer Avenue,hposthill2v@sun.com,Horton
900477,666-245-2950,5 Knutson Pass,sfomichkin2w@oaic.gov.au,Saunders
800934,899-180-6200,25 Toban Pass,dpieter2x@storify.com,Derward
661585,862-279-8309,3 Burning Wood Lane,gumfrey2y@wix.com,Goddart
194393,305-712-1296,53 Summerview Hill,hpottberry2z@wsj.com,Hettie
215284,657-527-1190,7785 Lunder Junction,cstoney30@surveymonkey.com,Cosmo
766115,318-202-7868,19708 North Drive,mrentelll31@blogs.com,Maryanne
904114,571-730-7946,5 North Alley,ageibel32@sakura.ne.jp,Audi
484259,921-334-6891,176 Moulton Drive,istonary33@home.pl,Ignatius
744988,736-876-0216,240 Blue Bill Park Parkway,mfilchakov34@oaic.gov.au,Melita
851707,932-271-1308,0285 Garrison Avenue,jbowering35@clickbank.net,Jared
301795,437-953-0126,4 Messerschmidt Plaza,amcgiff36@nba.com,Aloin
226649,152-136-6494,3203 Wayridge Plaza,tpeniello37@cnbc.com,Trstram
813872,474-576-8380,068 Express Way,laudenis38@businessinsider.com,Land
896337,438-825-9121,651 Esch Center,vchadburn39@wix.com,Valentino
437315,048-680-8639,56 Village Green Court,ltramel3a@cisco.com,Lee
240674,815-630-0390,530 Hoepker Point,iswyndley3b@xinhuanet.com,Isabelita
843528,293-572-4380,19961 Troy Junction,mcheer3c@sphinn.com,Mikol
311516,137-819-5728,68944 Mitchell Trail,rdudin3d@mapy.cz,Rey
703834,975-877-1693,7 Dorton Trail,fmincher3e@mysql.com,Florinda
5091,990-008-8093,1557 Hauk Parkway,keasey3f@rambler.ru,Karoly
245686,455-769-3817,68464 Norway Maple Terrace,lotierney3g@mozilla.org,Lewiss
259092,613-244-9863,3 Emmet Road,cgarthland3h@technorati.com,Colin
964772,362-488-6863,11 Cordelia Avenue,sdrew3i@constantcontact.com,Sheena
395444,591-367-5864,110 Scoville Lane,jdyer3j@paginegialle.it,Janice
325214,664-647-8042,00871 Crescent Oaks Place,ajerschke3k@photobucket.com,Augy
717653,203-356-0296,264 Ridgeview Drive,gsuttell3l@booking.com,Germaine
66933,642-496-7328,80 Vera Crossing,mdurak3m@seesaa.net,Mabelle
484811,627-328-9183,01 Di Loreto Junction,dvawton3n@adobe.com,Drugi
771513,637-141-9802,9 Fisk Circle,kdielhenn3o@pen.io,Kin
830135,622-379-5647,83134 Ridgeway Alley,lthrush3p@dagondesign.com,Lynnell
199172,606-327-5075,2 Moland Center,ajurewicz3q@webs.com,Alessandro
542476,330-527-4648,7 Elka Way,mkelland3r@cafepress.com,Meir
280759,385-738-3401,45669 Claremont Road,atrevon3s@gmpg.org,Amalle
643927,843-215-6069,39 Golden Leaf Drive,ceynon3t@ed.gov,Claretta
415791,794-576-6319,219 Monument Avenue,rlamborn3u@blinklist.com,Reeva
348861,460-324-2363,285 Towne Place,mokenden3v@so-net.ne.jp,Martica
767305,714-507-7253,0429 Crowley Drive,rblythe3w@networkadvertising.org,Robby
379191,910-189-7380,04 Prairie Rose Parkway,dbeeston3x@japanpost.jp,Darlene
879527,373-083-4678,3 Monument Place,pdomenge3y@unicef.org,Penelope
62746,374-948-5986,35004 Grayhawk Place,ljaggers3z@imdb.com,Leelah
626359,059-079-3539,92363 Hooker Road,rsouth40@live.com,Raleigh
420937,616-275-7224,882 Brickson Park Circle,mellard41@amazon.co.jp,Maddalena
605578,973-032-6304,038 Stoughton Circle,cemig42@123-reg.co.uk,Cory
87642,240-924-7441,139 Stuart Circle,gcamerati43@wired.com,Gaultiero
247151,730-377-8441,1467 Merchant Circle,cgonsalvez44@hostgator.com,Corby
626512,146-671-2328,654 Vera Place,rwardale45@berkeley.edu,Rorke
325189,275-303-8121,711 Farmco Avenue,bryder46@parallels.com,Benedetta
400242,441-323-1711,8 Tony Lane,cstrafford47@wsj.com,Ciel
493278,134-649-5968,26690 Glacier Hill Court,bblowne48@cnbc.com,Brittaney
559060,183-674-6104,9000 Myrtle Plaza,alanmeid49@google.es,Aaren
100366,490-389-8502,00097 Acker Way,chumes4a@last.fm,Catherina
696162,259-507-6266,927 Banding Drive,cmcinteer4b@timesonline.co.uk,Cassius
901725,126-766-1478,294 Fordem Crossing,wsiaspinski4c@cbsnews.com,Weylin
142277,816-092-3240,5 Karstens Alley,mgubbins4d@bbc.co.uk,Melantha
328868,849-594-6664,107 Mcguire Center,hlinnett4e@europa.eu,Harley
238925,249-252-6623,31 Browning Lane,ldrayton4f@guardian.co.uk,Louie
689382,413-673-2162,434 Judy Center,gdreossi4g@comcast.net,Gratiana
650984,533-584-5231,17535 Wayridge Lane,fsyde4h@spiegel.de,Frederico
468822,403-342-1719,0 Melby Street,ljanaszkiewicz4i@netvibes.com,Lorrin
535389,471-461-7661,9 Kings Way,vvoce4j@flickr.com,Vanni
58046,409-510-7182,8723 Del Mar Junction,dcolleford4k@boston.com,Dimitri
684620,172-550-1892,8019 Continental Road,araeside4l@slideshare.net,Andrey
558859,125-471-0921,1422 Springs Circle,rmetzke4m@tamu.edu,Raynard
328472,158-747-3666,201 Buhler Plaza,adannett4n@netscape.com,Ashbey
958806,955-755-1873,3 Dayton Lane,nbarrowcliff4o@seesaa.net,Napoleon
929058,014-128-9789,1367 4th Place,giwanowicz4p@goo.ne.jp,Gerrie
684445,913-309-6273,558 Summerview Drive,uboissier4q@accuweather.com,Urbanus
73128,850-753-2057,0 Lindbergh Circle,fechallier4r@boston.com,Flo
510892,523-373-9769,819 Village Street,rdolphin4s@fda.gov,Rog
909569,143-296-7369,27 Waywood Terrace,cgwinnett4t@a8.net,Caz
97225,850-038-8354,3434 Melvin Terrace,nbenit4u@washingtonpost.com,Nana
567301,314-769-1814,6 Lukken Court,achazier4v@webs.com,Alaric
853639,085-523-4443,907 Di Loreto Avenue,kpedracci4w@mtv.com,Kerrie
734100,963-755-5780,60 Atwood Trail,cciciotti4x@howstuffworks.com,Coralie
61015,709-846-8561,73507 Hauk Crossing,choneyghan4y@woothemes.com,Cicely
342536,390-381-7514,250 Welch Way,nfrobisher4z@live.com,Nikita
306987,969-724-0703,19 Raven Circle,lklaffs50@furl.net,Louisette
197798,712-436-7415,65585 Brentwood Park,smccarrick51@redcross.org,Say
303427,663-598-9680,0 Basil Terrace,alaidlaw52@friendfeed.com,Antonino
5469,373-825-9216,8 Lukken Street,jbartoszinski53@issuu.com,Jodi
681283,750-533-1790,6 Westerfield Circle,iagg54@yandex.ru,Isidoro
230546,910-964-5083,6466 Village Trail,dpettiward55@dyndns.org,Debera
518303,313-680-4663,291 Rigney Road,frogister56@cargocollective.com,Frederico
372234,046-922-1486,5 Sommers Center,swarhurst57@issuu.com,Sunshine
880680,634-871-2027,45 Canary Park,chadleigh58@zimbio.com,Cammy
443583,989-757-5391,86231 Glacier Hill Junction,ffreiburger59@arizona.edu,Freeland
110813,118-590-1242,7 Roth Plaza,landrick5a@dyndns.org,Layton
28300,700-070-1516,0 West Court,eparnall5b@php.net,Errick
160422,595-904-3011,6465 Golf Lane,tocollopy5c@163.com,Tate
642006,086-820-4639,1 Ruskin Place,parling5d@pcworld.com,Pincas
226192,371-024-4044,4 Glendale Crossing,mrushbrooke5e@independent.co.uk,Minne
47042,790-390-2544,15 Carpenter Avenue,mskain5f@theglobeandmail.com,Merv
409764,018-583-4604,703 Old Shore Alley,jgrishelyov5g@disqus.com,Joice
670148,137-601-1327,0 New Castle Circle,rfrangione5h@jiathis.com,Rosemarie
695962,392-708-5480,9394 Morningstar Circle,ddanter5i@cyberchimps.com,Der
638479,773-348-8892,64950 Farragut Way,wfinden5j@ning.com,Westley
565401,302-886-7784,70 Monterey Avenue,squittonden5k@dion.ne.jp,Siouxie
392526,641-286-1231,646 Chive Terrace,lbowerman5l@marketwatch.com,Leonelle
289080,893-756-3614,14070 Calypso Drive,fstack5m@jiathis.com,Felicio
867921,134-745-4619,7856 Heath Plaza,jmuskett5n@dedecms.com,Jerrold
737676,874-019-2753,16784 Laurel Place,cgimber5o@networkadvertising.org,Claybourne
446718,583-510-9213,5 Sommers Street,efink5p@diigo.com,Ethelda
73514,707-101-7441,52190 Green Ridge Crossing,jrennox5q@t.co,Junia
912439,205-606-5884,6793 Transport Junction,aseater5r@drupal.org,Artemus
599619,660-009-0663,3199 Glendale Street,dpoile5s@businessweek.com,Dori
348702,896-522-1634,095 Atwood Way,bbruggeman5t@desdev.cn,Blair
925401,349-671-3200,98 Mallory Center,vpendleton5u@unblog.fr,Valina
980327,198-297-8414,52832 Fremont Street,ifleming5v@sohu.com,Iorgos
81890,527-768-5357,89673 Gateway Alley,mlinskill5w@auda.org.au,Michelina
275306,631-614-7418,976 Maple Wood Alley,eferrone5x@wunderground.com,Eberhard
872638,533-748-2006,5 Magdeline Crossing,abrommage5y@slideshare.net,Agnola
385893,113-055-7974,6 Clemons Lane,bjallin5z@hexun.com,Bobbie
883974,009-476-9998,4 Carioca Road,kphilipart60@plala.or.jp,Kerrin
481595,547-910-7236,2123 Kingsford Point,gsmuth61@netscape.com,Gizela
10582,396-471-2056,36 Victoria Terrace,gcardenosa62@angelfire.com,Gianni
477490,877-346-2556,8 Harper Junction,cbudd63@xing.com,Camellia
77220,358-127-4011,2 Messerschmidt Road,llouys64@vk.com,Leisha
320269,696-969-5918,4 Londonderry Road,adunstan65@imdb.com,Ambrosio
27461,940-285-1702,34105 Morning Point,jclinning66@zimbio.com,Jewel
776853,983-662-7578,9 Blaine Alley,aospillane67@sogou.com,Antonin
695893,815-390-1787,2 Morning Hill,pladley68@cam.ac.uk,Panchito
843744,074-027-6250,615 Graceland Crossing,ghazael69@prlog.org,Goober
178812,171-688-0661,63069 Wayridge Avenue,spedycan6a@acquirethisname.com,Sisile
97297,844-697-2860,8 Spaight Way,dgabbitus6b@netscape.com,Donielle
946712,011-527-9146,587 Stang Hill,mjost6c@intel.com,Michale
814749,076-410-3137,04 Tennessee Drive,gsirkett6d@home.pl,Gery
936348,235-125-7990,358 Independence Crossing,kbeseke6e@sina.com.cn,Karlens
786280,319-801-2424,3 Cherokee Plaza,wwithers6f@ca.gov,Wood
307115,319-891-1619,548 Dexter Terrace,hbaudet6g@networkadvertising.org,Humfrey
899498,641-545-8078,2 Lien Lane,cappleford6h@1688.com,Carena
44606,506-964-1127,8 Glacier Hill Place,ngorcke6i@baidu.com,Nanice
718802,019-335-7061,6 Paget Alley,hbewick6j@yale.edu,Heidi
575131,560-594-2027,820 Quincy Place,boborne6k@yelp.com,Birgitta
914668,738-943-6282,917 Carioca Trail,ddulling6l@wufoo.com,Dillie
839560,165-285-1258,5 Havey Trail,thigford6m@google.es,Tabatha
590388,071-301-5735,1 Anhalt Road,mbilyard6n@themeforest.net,Marven
296868,949-610-2972,997 Meadow Valley Avenue,tmacalpine6o@washingtonpost.com,Tyson
112229,154-787-5793,15377 Old Shore Plaza,mgiraudot6p@elegantthemes.com,Marna
250336,403-531-4380,29 Kensington Alley,ifullerlove6q@ask.com,Inglebert
766292,786-125-6883,9 Morning Junction,wlardge6r@google.it,Way
401754,240-269-4942,9097 Duke Crossing,nmurrigan6s@usgs.gov,Nate
449333,971-046-1780,975 Messerschmidt Junction,snafzger6t@sourceforge.net,Stacia
873679,650-019-6723,552 Monica Center,kosbaldeston6u@g.co,Kaja
698029,966-566-4360,50609 Schiller Parkway,apaunsford6v@fc2.com,Abbot
412039,744-908-6968,7831 Dakota Place,kbramble6w@usatoday.com,Katti
612849,164-852-8218,4154 Browning Alley,dgeare6x@dagondesign.com,Darrick
878214,599-744-4882,67 Helena Hill,rbushe6y@usa.gov,Rupert
676433,189-578-0293,472 Hanson Terrace,mlezemore6z@bigcartel.com,Mercy
214437,899-611-2934,73 New Castle Point,dhuntington70@163.com,Delcine
692440,243-877-9648,2761 Lunder Way,cbuzzing71@webnode.com,Candi
873988,087-002-4591,27 Briar Crest Road,cquig72@sohu.com,Charlton
573676,973-391-4060,900 Sauthoff Plaza,cdurdle73@csmonitor.com,Chloris
816470,746-450-6265,410 Lien Drive,ceadon74@theglobeandmail.com,Corabelle
449786,742-624-1209,190 Huxley Crossing,ereddie75@forbes.com,Eydie
402343,034-368-4589,2 Sachs Trail,emeneur76@wired.com,Emlyn
396220,387-048-0437,513 Carioca Pass,kmacswayde77@gizmodo.com,Konstantine
837511,552-537-7158,41 Morrow Road,bclemerson78@t-online.de,Bendick
973567,237-208-5251,88 Cascade Pass,btwelves79@toplist.cz,Beau
190081,033-883-0555,691 American Circle,smiddlebrook7a@altervista.org,Sammy
82490,430-098-9169,6593 American Ash Avenue,wmenear7b@cnn.com,Wilhelmina
625387,034-830-9812,4 5th Alley,dcaddick7c@a8.net,Devy
699514,609-912-4878,882 Rigney Crossing,mkunc7d@nhs.uk,Melamie
348237,960-491-2667,22 Melrose Center,lgrene7e@gizmodo.com,Lyn
431874,976-559-4896,8 Farragut Alley,nbellhanger7f@prlog.org,Noemi
624318,347-698-4639,48 Arapahoe Road,tbasili7g@yellowbook.com,Taite
525426,678-907-5814,6 Claremont Terrace,nsutcliff7h@yelp.com,Nancy
697264,447-008-7886,08 Manufacturers Hill,rmelling7i@eventbrite.com,Rafe
814644,596-062-5803,41 Menomonie Street,gaddams7j@bloglovin.com,Gabey
521425,693-075-5016,5740 Rigney Center,rcamois7k@samsung.com,Raviv
545606,833-212-2274,6901 Old Gate Circle,rtrineman7l@furl.net,Reba
258979,085-469-5764,9 Carioca Hill,cdaltrey7m@vinaora.com,Cacilia
457414,601-078-4710,262 Arapahoe Street,baguilar7n@imageshack.us,Blisse
418967,263-227-4954,84 Tennessee Junction,fgirogetti7o@sogou.com,Flem
573601,614-563-1707,9 Mosinee Court,mbigg7p@cmu.edu,Melamie
839326,812-616-1623,297 Russell Place,hmcgeffen7q@biblegateway.com,Horatio
674452,607-402-4039,6828 Anderson Parkway,spates7r@berkeley.edu,Sianna
146034,313-829-1559,01763 Dapin Plaza,cheaffey7s@discuz.net,Claudine
161308,367-997-1346,11300 Messerschmidt Lane,hdorin7t@digg.com,Hilario
375561,158-162-8453,3 4th Crossing,abeslier7u@1und1.de,Amalia
956621,083-503-5086,114 Briar Crest Place,rlemonnier7v@skyrock.com,Renell
318610,633-979-7841,5952 Katie Park,hbulcroft7w@naver.com,Helene
804406,480-096-0023,0672 Westerfield Lane,abamlet7x@alibaba.com,Audrye
525214,675-059-4447,140 Coolidge Way,lderoche7y@vistaprint.com,Lenard
481466,969-560-5378,177 Calypso Terrace,fbiaggelli7z@webnode.com,Farrah
858128,428-258-2870,7 Nancy Plaza,mvalenssmith80@biblegateway.com,Maurizio
446706,167-332-0632,85 Roxbury Circle,pfernando81@github.com,Polly
50011,673-419-8156,59 Stuart Alley,sjozsa82@tinyurl.com,Sherye
101291,704-797-2996,19 Schlimgen Avenue,tweddup83@abc.net.au,Trescha
346169,060-259-1212,8625 Arizona Plaza,escoular84@1688.com,Elwin
739008,573-111-6595,74143 Dexter Pass,spierse85@google.de,Sallee
9089,412-648-6025,967 Cambridge Alley,wbente86@vkontakte.ru,Wang
479871,883-451-3465,892 Duke Center,zwoofendell87@zimbio.com,Zerk
740197,127-965-1132,323 Westport Lane,nbilston88@epa.gov,Neile
877916,717-702-9181,578 Reindahl Trail,charuard89@google.fr,Cesare
301662,057-981-9521,42 Northland Crossing,rexon8a@vk.com,Royal
87456,366-130-3892,390 Burning Wood Circle,bvatini8b@samsung.com,Burty
172040,490-372-6253,48549 Novick Pass,cspacy8c@livejournal.com,Christina
865187,908-780-9516,31 Becker Terrace,glabbet8d@joomla.org,Giffy
672262,192-102-7964,0530 Grayhawk Place,rtetlow8e@alibaba.com,Renard
617359,088-526-1426,19 Artisan Avenue,mbarnard8f@nymag.com,Minnaminnie
612776,402-766-0045,7 Havey Hill,hbenedite8g@webeden.co.uk,Hallie
660763,649-018-5827,35 School Drive,bbawles8h@canalblog.com,Beatriz
908942,712-272-0892,0 Buell Street,dpetriello8i@diigo.com,Domenic
467207,860-180-7374,2245 Michigan Parkway,adarter8j@jalbum.net,Alysia
346803,816-218-2711,764 Dryden Alley,aspaunton8k@bing.com,Avivah
583097,522-690-5961,51 Katie Lane,ljzak8l@lulu.com,Lockwood
586130,145-576-9334,73 Killdeer Trail,bculligan8m@drupal.org,Buiron
6965,087-336-2424,8 Lakeland Drive,fchecketts8n@biblegateway.com,Farrel
418940,782-287-3837,6143 Oakridge Circle,gmckane8o@baidu.com,George
992745,453-642-5106,8 Washington Hill,rpaddefield8p@t.co,Ricard
979730,827-672-4639,60086 Bowman Court,ajedrys8q@ehow.com,Archibold
54625,978-421-8320,66 Weeping Birch Circle,makister8r@yellowbook.com,Marchall
704209,069-469-5176,39 Express Road,kcasburn8s@pinterest.com,Kaia
175497,964-109-6152,4572 Kensington Place,tchoupin8t@craigslist.org,Tim
721126,070-246-5885,50465 Kingsford Place,gdemare8u@sourceforge.net,Gwen
934946,476-022-7034,01482 Moose Junction,segar8v@godaddy.com,Stephie
545583,098-831-3114,644 Bunker Hill Terrace,aastbery8w@opensource.org,Annadiane
986148,147-241-6306,68673 Bashford Alley,msincock8x@usgs.gov,Mari
550102,837-188-7965,9 Fremont Hill,cgasking8y@indiatimes.com,Carmel
740583,962-759-3751,58569 Eliot Lane,alatus8z@ning.com,Adrea
501488,860-828-7862,2 Loomis Parkway,ztansey90@imageshack.us,Zitella
585132,957-088-8540,97 Rutledge Alley,tjansik91@virginia.edu,Tarra
880723,512-987-9782,68 Harper Street,jhrachovec92@trellian.com,Joceline
298376,764-801-2909,83 Pearson Place,ncordery93@howstuffworks.com,Netty
983792,308-778-3038,8668 Sheridan Place,bpicott94@marketwatch.com,Barry
84391,720-445-3491,152 Stang Avenue,ikibard95@histats.com,Ingaborg
602657,338-531-0226,0381 Anzinger Lane,dkristoffersen96@kickstarter.com,Danell
904894,310-145-7097,95255 Valley Edge Court,mjamme97@is.gd,Merlina
597645,042-250-2137,8663 Hallows Parkway,dsmurthwaite98@prlog.org,Diarmid
246486,957-531-8891,46 Aberg Crossing,kdeveral99@businesswire.com,Kit
622093,182-554-2248,0209 Schmedeman Point,ereimer9a@usgs.gov,Emmalynn
755785,360-495-9310,303 Sundown Terrace,chebbs9b@plala.or.jp,Clare
5982,984-231-8851,01430 Steensland Parkway,bschiefersten9c@xinhuanet.com,Burk
152712,680-546-1243,7878 Anderson Alley,kphateplace9d@example.com,Katha
721605,301-118-5453,32 Golf Court,lbilovsky9e@list-manage.com,Lela
261429,300-437-3635,8248 Carpenter Terrace,asesons9f@umn.edu,Adham
93354,241-270-6983,9756 Lakeland Park,diles9g@yelp.com,Dicky
747988,164-523-3060,74854 Killdeer Court,lsackett9h@ovh.net,Lorianna
927387,402-335-9834,3212 Sutteridge Point,vroussel9i@biglobe.ne.jp,Vachel
837077,842-054-5431,05922 Harper Terrace,ebeneteau9j@rambler.ru,Eadith
355941,297-109-0815,691 Clarendon Lane,vlatehouse9k@angelfire.com,Virgie
316456,253-997-5505,90060 Del Mar Alley,cgilyatt9l@guardian.co.uk,Cornie
558740,846-210-4884,66648 Sundown Court,hvaulkhard9m@oaic.gov.au,Herschel
162379,023-260-2984,139 Arizona Place,rdunks9n@godaddy.com,Rabbi
377268,941-108-2193,5731 North Trail,mdicke9o@theguardian.com,Mada
766191,488-649-3669,3724 East Point,rrhydderch9p@usa.gov,Roderic
317809,763-445-1964,4880 Carey Court,cdimanche9q@slideshare.net,Chane
215834,402-696-6731,7 Maryland Drive,fkassidy9r@ocn.ne.jp,Fair
564652,047-092-6953,91288 Pepper Wood Junction,tellens9s@etsy.com,Tabbatha
23793,324-397-5163,4039 Meadow Valley Hill,vwilsey9t@purevolume.com,Virgie
470962,796-131-6333,93789 Artisan Road,jthecham9u@sogou.com,Jacquelin
358596,003-743-5170,027 Garrison Place,dmaccarter9v@indiegogo.com,Domenico
957374,408-319-6345,74825 Manufacturers Circle,jaubri9w@list-manage.com,Jolene
288058,085-808-5531,93485 6th Way,kjelks9x@technorati.com,Killie
939209,580-853-3572,20 Iowa Plaza,mdibbin9y@de.vu,Martainn
201247,739-183-7915,2814 Prentice Parkway,lrofe9z@miitbeian.gov.cn,Ly
316801,620-692-1442,7179 Canary Plaza,ksandersona0@google.fr,Kristopher
895393,005-435-7932,2 Arkansas Circle,lmaccauleya1@virginia.edu,Les
382376,467-640-2754,46860 Nancy Trail,ldewarea2@sbwire.com,Luisa
198928,983-106-7369,2602 Kensington Junction,dreena3@sphinn.com,De witt
852681,244-538-0834,721 Nobel Terrace,hschopsa4@hud.gov,Holden
648662,785-073-4874,4976 Victoria Street,ksettera5@ovh.net,Kylie
747543,650-062-0481,1171 Mockingbird Alley,jmacmarcuisa6@xinhuanet.com,Joann
436727,176-765-8027,9 Northwestern Terrace,gmchana7@over-blog.com,Glennie
881128,347-820-3311,0 Kingsford Pass,smccolgana8@etsy.com,Selby
74561,482-496-7784,91 Wayridge Drive,gwarcupa9@spotify.com,Gizela
187990,727-489-7201,764 Orin Center,jtuttiettaa@youtu.be,Jessamyn
103147,067-488-6183,14240 Cambridge Alley,rpenleyab@a8.net,Rowen
694352,085-424-7316,8 Pennsylvania Court,mtiptaftac@wordpress.com,Marion
603228,365-558-0245,0 Hansons Point,cbrignallad@vk.com,Crin
257645,064-760-9193,234 Corry Pass,scarlisleae@japanpost.jp,Sarena
397208,508-118-4268,0024 Evergreen Parkway,csleitaf@rakuten.co.jp,Cacilia
1681,886-535-2125,75 Washington Parkway,dgrangeag@wikipedia.org,Deane
404243,873-411-9997,34 Gina Way,csentonah@blinklist.com,Chilton
489616,057-829-8130,98181 Arapahoe Circle,fashbornai@who.int,Falito
981718,806-087-1110,49101 Spaight Terrace,dcolbourneaj@yellowbook.com,Danya
522105,987-184-6262,276 Longview Center,atudgayak@lycos.com,Amitie
508142,635-353-3434,7 Messerschmidt Pass,cpitceathlyal@yellowbook.com,Clare
892110,071-223-1788,22968 Cordelia Terrace,rconnopam@tamu.edu,Rori
620039,644-744-7418,9 Jana Crossing,delsipan@ow.ly,Domini
399803,085-080-7839,11421 Mifflin Trail,kwalkingshawao@patch.com,Kerrie
496997,278-652-0407,46496 North Crossing,imoranap@shutterfly.com,Imogene
961242,117-209-2413,9415 Division Avenue,rshelbourneaq@census.gov,Robinetta
121862,447-185-4475,59 Portage Center,cjosovitzar@godaddy.com,Christabel
760187,102-481-8411,26 Boyd Circle,rreadas@theguardian.com,Richmound
343490,294-087-8675,2165 Washington Lane,dtattonat@earthlink.net,Darelle
261106,930-077-1178,36 Kedzie Junction,dduckeringau@buzzfeed.com,Denney
479977,055-638-0932,0 Bellgrove Alley,calbertiav@cam.ac.uk,Corissa
339718,230-137-2133,86 Burrows Crossing,cschollickaw@bluehost.com,Christan
879020,381-717-2100,3 Butterfield Point,agaitoneax@economist.com,Amanda
528616,207-205-6659,36 Katie Court,hvidineevay@cisco.com,Herbie
481363,429-819-4881,0 Moulton Trail,dtschurschaz@china.com.cn,Desmond
572360,615-523-2299,3 Longview Junction,tbreissanb0@google.pl,Tyrone
978478,503-678-9675,596 Eastwood Terrace,ebartleb1@imgur.com,Elnore
721994,250-369-9947,67 Lotheville Avenue,rmcquilkinb2@infoseek.co.jp,Roddy
989094,008-873-1851,06 Rockefeller Terrace,lweldb3@yale.edu,Lazaro
794330,264-083-7846,87284 Kennedy Pass,mivattsb4@deviantart.com,Mose
563152,002-649-5224,7 Saint Paul Lane,ggosslingb5@linkedin.com,Gabriele
549372,553-860-3922,05 Thompson Drive,sjenkynb6@wufoo.com,Sim
767204,487-520-8102,2338 Buell Center,joshieldsb7@hexun.com,Josias
645677,987-666-5784,00 Delladonna Trail,cmcconachieb8@miitbeian.gov.cn,Clim
826591,200-338-4002,42545 Calypso Road,seringtonb9@cdc.gov,Shaylyn
324279,599-625-8641,732 Scott Avenue,teudallba@boston.com,Torrin
406191,491-152-0214,58409 Lighthouse Bay Avenue,fcatanheirabb@themeforest.net,Freedman
829630,475-646-2600,29 Summerview Avenue,jsackesbc@edublogs.org,Judi
660707,405-923-7036,668 Jana Pass,wabrahamibd@nydailynews.com,Wendall
885952,293-811-6087,16 Blackbird Trail,sbabebe@newsvine.com,Sim
50709,183-584-2874,9 2nd Park,hvearbf@sina.com.cn,Heida
664313,249-892-9838,3 Northport Avenue,opeschetbg@php.net,Orin
211869,366-094-3731,5 Straubel Terrace,kwickmannbh@mashable.com,Kristian
11850,084-806-2056,512 Linden Street,mtippertonbi@alexa.com,Malissia
831916,451-680-5759,81854 Graceland Hill,aedybj@bbb.org,Abbott
478608,760-768-9820,40106 Eastlawn Parkway,dgouthbk@alexa.com,Deane
400285,263-118-7002,3 Farmco Crossing,ddemattiabl@archive.org,Deloria
529631,934-609-4169,294 North Point,tgiacomibm@ovh.net,Tony
576123,844-571-5669,8 Sutherland Parkway,lhayenbn@nhs.uk,Liane
736905,720-318-1156,878 Oak Valley Plaza,bbaildonbo@blogger.com,Bernardo
762897,908-776-1737,7044 Rieder Street,sadcockbp@dmoz.org,Shaw
512365,728-137-1544,6 Farragut Alley,fbeanybq@multiply.com,Federico
984705,116-696-3517,937 Village Pass,bsmartbr@economist.com,Brian
211826,667-244-9851,00943 Sherman Point,wfilerbs@ezinearticles.com,Willie
835721,132-268-5122,4540 Roxbury Place,wbosnellbt@weebly.com,Waverly
599631,505-671-2240,263 Dennis Crossing,mswantonbu@opera.com,Matti
243101,657-636-0939,7862 Commercial Court,aanespiebv@studiopress.com,Augy
10500,174-100-1156,27089 Springview Center,gsmetounbw@rambler.ru,Georgeta
608632,966-088-2898,0 Summerview Junction,gsabbinbx@apache.org,Gerty
92395,112-917-1358,162 Dawn Place,fpomphreyby@ask.com,Fred
365365,095-771-5216,0364 Oak Crossing,dreucastlebz@java.com,David
678179,405-233-0553,4954 Blaine Way,gcoopeyc0@last.fm,Glen
537962,878-769-2848,20 Mallard Center,deaseyc1@howstuffworks.com,Diann
953056,545-765-3741,74700 John Wall Plaza,gitscowicsc2@statcounter.com,Gretna
791972,527-170-2256,14 Gulseth Plaza,khairec3@bbb.org,Kelcy
574207,622-135-7794,62 School Drive,ecastillouc4@irs.gov,Ethelind
685200,636-901-1102,5683 Hanover Avenue,spainc5@abc.net.au,Sada
512490,888-778-6757,746 Carey Alley,lwalakc6@purevolume.com,Lewie
414887,851-127-8158,10 Colorado Drive,mdomninc7@shop-pro.jp,Minetta
946343,765-761-0779,739 Warrior Way,klegonc8@ca.gov,Kissee
250301,593-355-7964,42948 Elgar Court,nhallickc9@etsy.com,Nikolai
557644,122-778-2692,3553 Amoth Park,cpolsinca@examiner.com,Chester
212359,436-395-1790,11 Caliangt Street,rcooringtoncb@infoseek.co.jp,Ring
697708,020-015-4021,6590 Magdeline Junction,gbagottcc@nps.gov,Gayle
209570,354-244-5331,1243 Fallview Park,lbreckencd@qq.com,Libbey
594595,640-756-5361,49 Clemons Center,fmaddigance@bloomberg.com,Federico
425065,701-150-1835,6 Armistice Plaza,nyelecf@addthis.com,Nessa
901655,849-160-7308,84 Mayer Drive,aeskriggecg@google.ca,Aurelie
261838,315-179-3242,05167 Reinke Trail,cpandyach@163.com,Clem
802775,935-320-3470,87 Clove Road,gsilverlockci@china.com.cn,Gerhardine
446595,782-801-5123,6 Fairfield Street,mbiasinicj@walmart.com,Margery
527152,670-010-4905,36 Del Mar Street,dspoorsck@themeforest.net,Danica
151423,587-076-4458,6 Mockingbird Point,lellistoncl@blog.com,Laurie
903754,560-701-1375,9 Dexter Court,ctarncm@cpanel.net,Charlie
749111,766-634-1196,61 Old Shore Park,bchsteneycn@ucoz.com,Bettine
687030,528-915-3855,6 Little Fleur Point,cassiterco@friendfeed.com,Chick
388947,167-420-7884,2 Milwaukee Avenue,zmowsdellcp@ox.ac.uk,Zahara
149535,846-296-2257,440 Tony Place,dpursglovecq@disqus.com,Darbee
265178,382-415-1244,85412 Corben Center,gsaysecr@scientificamerican.com,Godard
51280,342-388-5942,06356 Sommers Trail,gcockertoncs@slashdot.org,Georgia
622437,159-515-6520,478 Killdeer Way,jprattingtonct@chron.com,Jada
678958,592-050-2777,360 Pennsylvania Point,nbudgeoncu@zdnet.com,Nat
558350,041-541-0815,245 Charing Cross Lane,rtellenbachcv@google.nl,Rodrigo
168799,165-991-4054,58134 Mallard Point,cpenmancw@weibo.com,Callie
301138,564-508-0229,315 Raven Point,bcholonincx@archive.org,Bartholomeo
928603,603-723-5039,05 Aberg Court,yboynecy@merriam-webster.com,Yalonda
506364,175-561-1259,906 Carey Pass,atruswellcz@samsung.com,Art
745845,548-592-4554,07 Pearson Parkway,jconnickd0@ning.com,Jodi
267827,285-833-5588,3643 Gerald Lane,hnolletd1@google.com.hk,Hyacinthie
510910,410-185-3131,51 Washington Park,zmuzzullod2@twitter.com,Zahara
529621,221-845-1589,481 Schiller Circle,gmcfadind3@scribd.com,Gustie
507510,040-037-9253,3 Debs Way,gmcgrannd4@uol.com.br,Germana
316623,806-458-7720,78 Mccormick Hill,cmcallasterd5@nifty.com,Casi
850724,402-392-3921,58 Randy Center,cmulhollandd6@about.com,Calla
40916,243-234-6173,9 Mariners Cove Drive,jsiemianowiczd7@imdb.com,Joice
922882,645-312-9611,06 Loftsgordon Junction,sgowardd8@goo.gl,Samuel
379926,361-869-5033,7247 Loftsgordon Place,rmacgibbond9@moonfruit.com,Rhody
405212,940-912-9469,3 Kenwood Hill,tbondeda@google.nl,Taddeo
98063,179-443-1042,767 Hudson Plaza,emckeadydb@ifeng.com,Erv
820674,898-453-7342,8063 Luster Hill,mantoniewiczdc@tmall.com,Maddi
690030,557-496-2074,274 Tony Place,tclanceydd@skype.com,Teresita
186338,082-897-1414,34 Lien Street,cschiefersteinde@symantec.com,Courtenay
392223,100-879-7094,36554 Dottie Point,bwildsmithdf@mlb.com,Baily
653361,362-237-4673,9 Butternut Point,dvaltidg@hao123.com,Denney
514171,612-427-9438,4584 Kensington Trail,awhitcombedh@weather.com,Ashleigh
882320,277-798-3235,33 John Wall Park,arawcliffedi@deviantart.com,Ariella
842536,471-421-9056,4446 Daystar Point,dmattecotdj@icio.us,Damita
255202,061-249-7348,01 Sloan Park,smacairtdk@homestead.com,Sherman
822388,027-160-5219,97 Schurz Crossing,mpenadl@google.nl,Martguerita
350194,615-181-7692,0464 Harper Point,scroaldm@howstuffworks.com,Stephie
735524,553-654-7640,9023 Lighthouse Bay Way,landreuzzidn@wsj.com,Lucita
106775,075-312-7946,49 Schlimgen Avenue,rmaccarrickdo@sohu.com,Roger
457393,486-486-9842,74 Pepper Wood Avenue,mmcgavindp@senate.gov,Merwyn
757372,355-885-0574,42523 Chinook Way,gcotteldq@wordpress.org,Gwenora
666275,937-618-4185,9 Muir Place,cswatedr@ft.com,Cathrin
992388,777-429-8801,23 Jenifer Point,nmixworthyds@t.co,Nikolaus
490153,816-691-5701,0 Ruskin Terrace,mhardikerdt@uol.com.br,Maribeth
89529,253-173-9865,2 Clyde Gallagher Place,kzavatterodu@jalbum.net,Kathlin
585813,633-834-4500,2 Caliangt Street,kyakovlivdv@blogtalkradio.com,Koren
597790,578-071-1685,31 Reindahl Road,slordondw@miibeian.gov.cn,Siobhan
182106,719-829-8978,82666 Boyd Lane,rlutwidgedx@tiny.cc,Rriocard
734921,813-375-1475,526 Bashford Alley,igaynesforddy@buzzfeed.com,Ilario
533182,695-924-1086,44148 Fair Oaks Court,fbiscombdz@dedecms.com,Fredric
278136,278-909-2855,736 David Pass,bphilsone0@wisc.edu,Bron
81490,391-038-8605,47 Prairie Rose Point,dbackwelle1@creativecommons.org,Dael
52809,963-693-2965,72452 Comanche Park,sgolsbye2@nhs.uk,Sheba
691963,653-265-8299,40980 Weeping Birch Avenue,htofanellie3@tinypic.com,Hart
829510,052-352-0714,89 Eagle Crest Park,kcasswelle4@nationalgeographic.com,Karl
215211,027-869-9928,925 Ilene Pass,acroxone5@cmu.edu,Alys
910735,697-171-6366,9 Grover Junction,ibrechee6@bloglovin.com,Inessa
940920,056-134-6515,5638 Harbort Hill,mburkette7@ox.ac.uk,Maighdiln
963159,325-263-9959,5 Kensington Drive,jpladene8@umn.edu,Jeannine
520963,271-394-0932,1495 Scofield Drive,dstanlocke9@parallels.com,Dylan
804388,463-363-6510,2 Little Fleur Junction,bindruchea@amazonaws.com,Benedikta
348081,422-015-6633,6 American Ash Road,pleaseb@umich.edu,Pen
888647,841-061-0341,1184 Dovetail Center,natwoodec@nytimes.com,Nilson
856187,166-507-0219,61632 Buell Park,ialforded@amazon.de,Inesita
383384,610-294-4463,2775 Porter Road,emalatalantee@github.com,Evanne
758611,803-647-3887,2819 Ridgeway Way,lbaynomef@sphinn.com,Leelah
282428,521-108-5307,8803 Thierer Junction,zwilkinseg@lulu.com,Zonda
141361,866-812-4611,521 Kinsman Way,mmaddeneh@economist.com,Maxi
204302,701-429-3212,68787 East Lane,sdeussei@storify.com,Selene
705502,916-004-4111,50937 Claremont Lane,cduckitej@cargocollective.com,Corabel
681948,149-938-1961,07 Bayside Trail,mcapseyek@bbc.co.uk,Marika
174150,873-424-0065,3 Raven Road,kredwoodel@dion.ne.jp,Kellina
870512,650-714-2228,2827 Cody Park,spetchellem@uol.com.br,Sharline
483337,633-577-4265,658 Sheridan Park,kcolqueteen@macromedia.com,Krissie
485586,630-231-4420,16994 Northland Parkway,afearensideeo@ning.com,Arleyne
439534,845-772-7282,19 Express Parkway,cfidianep@dyndns.org,Cyrillus
294671,188-195-9089,683 Mitchell Trail,ecopnereq@freewebs.com,Erda
153878,290-723-2027,883 Claremont Parkway,khodcrofter@samsung.com,Kerianne
309484,364-840-3214,725 Schiller Avenue,cwernhames@theatlantic.com,Cynthie
476474,319-446-4642,770 Swallow Hill,dblachfordet@nps.gov,Donavon
624186,023-357-1624,37 Esch Street,ccavaneyeu@linkedin.com,Courtenay
300031,273-438-0790,2 Pawling Center,sdriversev@wikipedia.org,Seward
891705,730-804-0857,44278 Raven Court,ngiffkinsew@toplist.cz,Nichols
715724,190-518-1928,4528 Westerfield Drive,dgavrieliex@sun.com,Diana
591375,891-523-0229,0464 Rigney Circle,fsomerscalesey@flickr.com,Fayre
204563,537-773-6277,7 Loftsgordon Junction,rcanonez@nsw.gov.au,Ricki
225391,079-003-8107,0 Vernon Place,hvanarsdallf0@angelfire.com,Herby
46842,118-722-7495,2 Anhalt Road,araubenheimersf1@stumbleupon.com,Arluene
846652,507-507-4113,31 Maryland Plaza,cbriskerf2@360.cn,Charo
30920,263-026-1489,25 Moose Street,ajoyef3@blogger.com,Adaline
750367,570-302-0592,31 Carpenter Terrace,ekepef4@histats.com,Euell
247167,563-583-2470,77193 Golf View Street,njennionsf5@state.gov,Nelie
231029,437-833-2815,44 Sommers Pass,ehanfordf6@ed.gov,Emelia
195082,900-358-2789,2 Quincy Trail,lwastief7@marriott.com,Lona
916741,390-027-2880,1562 Weeping Birch Way,kkeppf8@list-manage.com,Kamila
746401,889-634-9381,1 Luster Street,bisworthf9@altervista.org,Brok
711212,738-796-5394,5 Sycamore Circle,dkassmanfa@4shared.com,Davon
929245,130-772-0268,0577 Lien Crossing,jmanuelifb@usda.gov,Janey
547049,619-101-0869,0936 Northridge Point,gclaffeyfc@about.me,Georgianna
687697,401-087-6162,4 Mesta Place,lhortopfd@networksolutions.com,Lynn
792362,681-661-2900,1882 Fisk Way,meddenfe@prnewswire.com,Milicent
453039,066-494-4584,4112 High Crossing Road,tcalderaff@skype.com,Tana
879386,381-214-8046,3722 Kings Street,gmclachlanfg@tiny.cc,Gillian
646061,154-028-4345,7128 Bunker Hill Lane,eantalffyfh@mac.com,Emmey
605241,033-715-7517,3265 Fieldstone Drive,caismanfi@washingtonpost.com,Clywd
591371,587-295-7394,92617 Banding Terrace,msiebartfj@hexun.com,Muire
883700,236-923-7072,9225 Vidon Center,llowrefk@i2i.jp,Lydia
155835,122-469-2896,5667 Holmberg Street,fbuddfl@4shared.com,Farah
937065,401-987-7385,153 Farmco Hill,gvellenderfm@google.es,Gwyneth
500644,995-117-4352,280 Cambridge Parkway,cgoldneyfn@gmpg.org,Celene
264263,382-836-4121,9 Duke Place,wduesburyfo@businessinsider.com,Waneta
495024,676-134-6255,2 Weeping Birch Circle,dmailesfp@guardian.co.uk,Durante
217322,614-654-1694,9 Columbus Drive,lberardtfq@newsvine.com,Linda
781638,735-746-6209,1 Luster Point,mmceachernfr@cocolog-nifty.com,Moe
111875,362-258-8151,12704 3rd Point,tladburyfs@addthis.com,Teresita
926790,631-144-4453,37025 Novick Avenue,bphinft@nhs.uk,Beckie
619025,380-594-0887,8 Almo Crossing,bmatejicfu@businesswire.com,Bo
236495,031-203-6016,12 Becker Place,hlloydfv@symantec.com,Hobie
649385,301-685-5730,4 Scoville Point,charrowayfw@netlog.com,Chere
508101,071-894-8318,35557 Loftsgordon Circle,kducarmefx@ask.com,Korey
724009,932-207-9778,45 Atwood Circle,tgairfy@github.com,Tonia
985951,532-461-1545,645 Kennedy Terrace,mtaverinerfz@google.ca,Marylin
404809,191-537-4198,170 Washington Trail,stabramg0@bbb.org,Stinky
345314,144-091-7779,762 Morrow Court,nsuddabyg1@wix.com,Nealy
701336,635-823-5143,31708 Menomonie Center,thinzerg2@cargocollective.com,Teriann
951933,480-672-6630,49 Summerview Alley,druberryg3@shop-pro.jp,Dominique
152139,779-010-9356,19 Elka Alley,lfryersg4@123-reg.co.uk,Lyndsay
586942,280-609-5231,87541 Vernon Way,grudsdaleg5@aol.com,Gan
641768,817-409-4344,90 Warbler Court,cfawlksg6@sphinn.com,Catriona
524314,289-910-9001,40 John Wall Avenue,edikeling7@ow.ly,Ebony
13568,504-648-5241,9 Sachtjen Court,sdrejerg8@webmd.com,Shelley
757356,542-197-2411,3 Mesta Court,bjergerg9@merriam-webster.com,Britta
366038,071-002-7150,3 Lakewood Gardens Terrace,gdearnlyga@businessweek.com,Gallagher
607985,577-892-5644,901 Eastlawn Place,llukianovgb@stumbleupon.com,Leesa
479880,691-383-1675,390 Anniversary Center,dsambergc@sogou.com,Dan
798215,591-077-1892,356 Grasskamp Parkway,ajakolevitchgd@amazon.co.jp,Aleda
701934,418-143-8131,1 Maple Street,bdrainsge@gnu.org,Binni
95591,973-925-7386,1202 Autumn Leaf Place,tnicegf@over-blog.com,Tessie
321121,857-378-3321,49149 Sunbrook Drive,bbollandsgg@nps.gov,Bonni
633516,175-580-4079,300 Lillian Avenue,btabbittgh@sun.com,Bridie
418193,524-064-9802,823 Columbus Place,cparissgi@china.com.cn,Clevie
674292,683-565-2331,1439 Loomis Street,gwillockgj@boston.com,Gradey
130533,786-592-9736,55 Warrior Circle,rdomencgk@cisco.com,Rosalia
400695,347-562-1127,336 Sheridan Park,dlervengl@cam.ac.uk,Dorella
422958,452-338-1490,021 Village Alley,mlilleegm@last.fm,Maressa
129050,915-097-0796,6 Mendota Drive,gibanezgn@fc2.com,Giovanni
225550,449-938-6948,93 Farwell Circle,switseygo@altervista.org,Sibelle
235902,351-146-3491,98 Fulton Place,athomassengp@ehow.com,Alaine
228575,420-190-0316,9946 Melrose Parkway,mpickgq@java.com,Meredithe
203549,911-330-8861,65085 Porter Parkway,ppicklessgr@wikimedia.org,Pierre
356083,960-238-9468,76298 Harper Avenue,dshakespeargs@cpanel.net,Darryl
277453,601-509-8990,3 Huxley Avenue,afriergt@bluehost.com,Artemis
850448,935-576-7097,2 Kennedy Avenue,ddowdgu@china.com.cn,Dallis
807846,492-143-4752,8 Hoepker Point,wropertgv@lulu.com,Wald
780851,709-820-6044,2 Melby Junction,calywingw@imdb.com,Cynthie
232109,663-347-8997,51224 Sachs Plaza,vnorewoodgx@github.io,Valeria
402307,938-162-5138,7504 Calypso Lane,mgirardonigy@irs.gov,Mirelle
341109,481-031-8796,387 Red Cloud Hill,sbigadikegz@hao123.com,Say
965202,568-935-2624,2 Muir Park,ppaladinih0@storify.com,Paulette
449612,633-684-3245,529 Becker Lane,ematejkah1@ftc.gov,Evanne
307513,005-146-3674,084 Forest Crossing,adanilyakh2@ustream.tv,Arne
220153,404-225-3818,89587 Prairieview Way,rfeyh3@usa.gov,Rafferty
314683,009-111-3376,6 Walton Lane,lstonierh4@soundcloud.com,Lishe
235570,858-595-3813,872 Loeprich Way,dpictonh5@storify.com,Deirdre
329990,753-766-2235,0579 Oak Trail,lmaroh6@oakley.com,Lorna
688110,627-917-7934,937 Clemons Point,gfrontczakh7@mapquest.com,Gabie
311423,890-245-4302,609 Alpine Park,shulsonh8@stanford.edu,Sim
592474,982-609-4070,1706 Vermont Court,rwhytemanh9@wunderground.com,Reba
42510,907-383-7027,50 Dwight Junction,fitzakha@fotki.com,Fannie
613994,392-303-6496,82371 Valley Edge Way,dsaywoodhb@bluehost.com,Dominick
814973,353-199-8910,96 Darwin Hill,kbraderhc@sphinn.com,Keelby
603039,280-090-7192,00 Arapahoe Place,csabbenhd@sakura.ne.jp,Casey
235803,583-701-5861,6672 Crescent Oaks Center,gfeanderhe@aol.com,Giraldo
116663,449-770-2949,52693 Charing Cross Point,cscawnhf@macromedia.com,Christoper
194028,864-744-9722,266 Goodland Parkway,cduiganhg@pcworld.com,Collin
189711,057-935-9212,53769 Delladonna Junction,sjaherhh@narod.ru,Shelden
675732,677-148-6438,53 Holmberg Court,mlinzeyhi@pbs.org,Mozelle
10166,582-520-9363,9328 Luster Terrace,cmathelyhj@tiny.cc,Coral
673550,687-790-6826,7673 Texas Avenue,hwhackethk@eventbrite.com,Hyacinthe
107278,006-505-9270,87 Mcguire Crossing,dwhetsonhl@deliciousdays.com,Devi
905088,918-906-3755,9 Colorado Junction,cshwalbehm@eventbrite.com,Corrie
496557,519-330-7322,9495 Donald Pass,nbarhemhn@freewebs.com,Nickie
699591,862-834-6900,4 Cascade Junction,adunnho@amazonaws.com,Anabal
159167,118-814-8833,39025 Melody Way,rseekinghp@mapquest.com,Robbie
62883,230-643-0386,455 Muir Street,clyokhinhq@reverbnation.com,Christophorus
626066,723-747-6375,2222 Morningstar Point,bkeightleyhr@live.com,Breena
916971,073-565-6421,522 Gateway Circle,nburrougheshs@java.com,Norry
391442,291-388-6183,15022 Sauthoff Terrace,eslineht@ask.com,Enriqueta
862553,625-648-8550,2 Harbort Place,agerssamhu@dell.com,Adelind
597042,495-156-9806,54 Lakewood Gardens Circle,praysdalehv@i2i.jp,Pattie
430274,672-262-5623,49 Mockingbird Terrace,vschulzhw@sitemeter.com,Valery
922939,404-198-3896,5895 South Park,astreaderhx@reddit.com,Anastassia
495461,816-517-7896,33423 Parkside Parkway,chouldcrofthy@fastcompany.com,Candida
51731,758-077-9347,9534 Village Green Center,shungerfordhz@chronoengine.com,Spike
645549,264-443-4805,2 Rowland Terrace,jhaggethi0@g.co,Judy
629025,892-287-6957,244 Cambridge Plaza,afullwoodi1@storify.com,Atlanta
290339,803-090-0037,1561 Schlimgen Junction,sdormeri2@eventbrite.com,Shaughn
829881,639-952-7650,34592 Manitowish Park,aeykelhofi3@geocities.com,Alan
360903,206-432-5460,3 Ramsey Drive,otrewinnardi4@indiatimes.com,Oliviero
83124,610-522-9331,0 Sunnyside Hill,acrossinghami5@example.com,Ahmad
496432,954-859-7921,96 Hoepker Drive,akenziei6@phoca.cz,Augustine
355237,484-292-0218,47517 Banding Street,jbruggeri7@noaa.gov,Jessie
469901,421-641-2190,99 Ilene Alley,hmallalli8@fc2.com,Homerus
533054,614-589-8267,145 Texas Alley,cchillesi9@artisteer.com,Carlin
776070,659-875-1249,686 Manitowish Terrace,emcawia@oracle.com,Eileen
739926,005-907-6594,84 Carey Center,ftylorib@fastcompany.com,Fanya
962130,025-141-2282,56 Sachtjen Trail,tmcgurkic@blinklist.com,Tootsie
587023,146-938-6795,61 Farwell Way,ecampanelliid@oaic.gov.au,Evita
912516,951-650-9719,0856 Roth Junction,rlustyie@creativecommons.org,Roldan
788801,299-509-9581,6 Beilfuss Avenue,mdeblasioif@example.com,Marshall
790534,311-700-7841,98 Service Plaza,tdunksig@canalblog.com,Timmie
85994,347-583-8361,47 Blackbird Hill,ddiiorioih@mediafire.com,Delphinia
600284,901-044-4252,1365 Annamark Center,ymarkieii@nytimes.com,Yardley
56191,681-954-7924,0 Pawling Terrace,jpiscoij@ucsd.edu,Joelynn
94731,728-042-5022,1762 Vermont Place,abothramik@npr.org,Ann
813940,505-067-8276,43494 Ruskin Parkway,fblanckleyil@dot.gov,Filippa
253045,661-601-5549,0833 Hollow Ridge Road,kcurryim@usatoday.com,Konstance
883297,039-593-9471,5033 Farragut Pass,jcaltonin@economist.com,Jesse
981291,582-545-0665,7952 Spenser Alley,alummasanaio@taobao.com,Anthe
943029,429-833-7386,59 Novick Point,apoulsenip@chronoengine.com,Angy
397984,961-625-9144,0301 Westport Drive,mcustardiq@who.int,Maisey
733697,459-606-5010,137 Doe Crossing Hill,craynhamir@usda.gov,Cati
44674,238-422-8940,554 Dottie Lane,bdovidianis@engadget.com,Betteann
817114,931-071-5737,7560 Sullivan Crossing,lhandlingit@eventbrite.com,Lennard
321382,489-311-0636,09603 Cottonwood Lane,hdallasiu@buzzfeed.com,Hildy
401508,586-078-2214,0 Surrey Crossing,portmanniv@ca.gov,Phylis
749525,676-649-7492,4 Myrtle Road,pwinspuriw@reference.com,Pearla
216208,337-319-8925,3 Grover Circle,vsteptoix@hubpages.com,Vernen
837332,090-138-3735,84 Kinsman Place,jgilbyiy@tamu.edu,Jeremias
431359,421-791-2919,2013 Pennsylvania Street,hfyshiz@google.com.br,Hobart
3232,725-457-3637,0 Union Avenue,bthowj0@ebay.co.uk,Bud
57090,936-788-3423,89149 Sutherland Trail,mgersamj1@zdnet.com,Maggi
577192,037-100-5650,120 Utah Way,svalslerj2@yellowpages.com,Sandi
302045,345-913-6149,97089 Steensland Alley,fmagogj3@sun.com,Fraser
802126,227-583-2247,4230 Merry Junction,ejepensenj4@icio.us,Edee
724712,113-535-3338,9299 Dexter Park,bflannerj5@unblog.fr,Beryle
300040,592-881-9706,15 South Street,mlantryj6@t-online.de,Mylo
240304,571-414-2612,391 Bonner Pass,wclemendetj7@technorati.com,Warren
684389,119-151-3127,4 Pearson Alley,mbandyj8@gov.uk,Margie
747945,773-877-7746,61 Waywood Way,joriganj9@imageshack.us,Joanna
740851,535-769-1212,7 Melody Center,flarkkemja@usnews.com,Fifi
200978,407-900-7067,585 Nevada Drive,bsloegravejb@washington.edu,Blakelee
788111,094-257-9506,0 Brentwood Park,pegrejc@marketwatch.com,Parrnell
260692,185-581-4800,50548 Hoard Plaza,ecavenjd@weather.com,Evered
349260,679-249-7815,30685 Oakridge Terrace,fsaddletonje@smh.com.au,Filmer
169368,986-100-4532,3016 La Follette Street,acollabinejf@liveinternet.ru,Ad
727511,850-467-2370,9 American Ash Lane,jstinchcombejg@behance.net,Jean
693794,613-724-1467,28 Hoard Avenue,snorvilljh@toplist.cz,Shadow
728569,994-492-3387,2 Esch Way,ljarlmannji@histats.com,Livvie
240756,191-965-0666,98 Fieldstone Hill,slathwelljj@tinypic.com,Sandra
243622,294-991-3609,719 Kim Hill,dkilmartinjk@usa.gov,Des
280413,724-227-1128,849 Bunting Plaza,rfossordjl@photobucket.com,Rozanne
898192,367-442-2636,1 Garrison Parkway,ocatonnetjm@yellowpages.com,Odella
707651,227-398-9930,7722 Miller Street,epashbyjn@independent.co.uk,Eimile
688395,819-917-1715,258 Westridge Trail,dhowsamjo@google.ca,Duke
225071,804-583-0203,677 Nobel Junction,akeatesjp@hibu.com,Abra
658862,884-664-2529,98682 Brown Avenue,rjarmainejq@dell.com,Reinwald
181876,044-078-5699,66070 Valley Edge Way,ntalesjr@cargocollective.com,Norry
342937,357-990-1889,66198 Express Court,flocklessjs@blogtalkradio.com,Federico
575317,112-590-8273,952 Harbort Point,spaternojt@ox.ac.uk,Sharline
414385,306-448-7548,6098 Red Cloud Trail,kseabourneju@nationalgeographic.com,Kelci
474362,507-008-2400,8 Memorial Road,bkinzeljv@hubpages.com,Blondy
288045,915-910-2172,909 Gale Plaza,awintersjw@apple.com,Ambrosius
475623,836-840-5117,84643 Dorton Place,lblowickjx@icio.us,Lillis
320280,181-536-2473,9950 Forest Dale Center,iwhithornjy@weibo.com,Iorgo
487483,101-582-2602,59506 Goodland Center,beckfordjz@mysql.com,Berri
738877,177-577-2863,35 1st Point,mstigglesk0@desdev.cn,Merwyn
577703,590-977-3971,04302 Russell Hill,mhowelsk1@ovh.net,Moe
911287,177-839-7733,8 Ruskin Way,ttynewellk2@webnode.com,Tito
371557,549-600-8436,809 Bartillon Street,tdemkowiczk3@hhs.gov,Tadeo
623441,161-728-7399,2257 Sullivan Street,ngebbyk4@businessinsider.com,Nessy
843218,099-941-2217,10 Graceland Avenue,thumblek5@amazon.co.uk,Trevar
96881,371-285-5273,785 Independence Court,sjosiahk6@google.com.br,Sarena
954011,101-616-8692,0 Talisman Alley,stunyk7@apache.org,Shara
663954,569-747-4019,7258 Kedzie Hill,apantonek8@canalblog.com,Angele
434512,346-273-5506,689 Tennessee Alley,cboweringk9@discovery.com,Cammy
805407,109-074-4111,4752 Rockefeller Hill,aconnollyka@1688.com,Antonin
507574,006-795-1357,61 Packers Hill,seardleykb@godaddy.com,Sonnie
611524,590-041-9525,9750 Toban Place,pfleurykc@nih.gov,Paton
271271,408-781-2875,03 Holmberg Circle,msailskd@alexa.com,Mathew
302142,839-577-1347,03194 Steensland Lane,apaganke@issuu.com,Archibald
352771,324-532-3944,99512 High Crossing Circle,lmathwinkf@fastcompany.com,Lev
177043,476-356-6753,6308 Lake View Plaza,fvaiseykg@printfriendly.com,Francis
254644,446-546-2455,9 Weeping Birch Terrace,atweddellkh@behance.net,Ashia
368959,785-821-7405,37460 Graedel Lane,fwortmanki@arstechnica.com,Francklin
452564,159-210-3861,97574 Westport Center,rgreenhousekj@163.com,Ram
647956,677-521-1408,21130 Namekagon Alley,vgouldthorpekk@auda.org.au,Valry
971335,424-753-2488,329 Golf Crossing,tsommerscaleskl@omniture.com,Tadeas
748768,142-515-8507,325 Fairview Place,nskipponkm@msn.com,Noami
608868,329-738-8429,32331 Superior Drive,scolvillekn@who.int,Sosanna
110827,205-746-5632,9655 Kings Terrace,pmayouko@microsoft.com,Peterus
204033,299-369-3612,6654 Pennsylvania Crossing,kmatteriskp@nasa.gov,Kayla
795077,813-072-9997,3654 Coolidge Drive,nberringerkq@usnews.com,Neila
193702,869-586-5168,3422 Mesta Center,imurpheykr@ezinearticles.com,Inness
122498,972-893-5836,105 Thackeray Pass,aperulliks@answers.com,Ada
562619,084-669-3334,09 Marquette Alley,wmariellekt@posterous.com,Waring
903409,272-291-7413,4 Holy Cross Pass,mmcqueenku@google.co.uk,Mirelle
549111,352-565-6226,29513 Westridge Road,solliekv@digg.com,Siana
615923,609-731-4911,4 Mariners Cove Parkway,msabateskw@hud.gov,Melly
111431,187-624-6462,21 Forest Dale Avenue,dlossmankx@webs.com,Dasha
663967,728-390-5868,034 Nova Place,jbortoluzziky@ebay.co.uk,Jethro
972841,313-338-2556,55 Fairview Trail,zhavardkz@bizjournals.com,Zita
287336,593-223-4680,456 Bobwhite Avenue,ccapesl0@macromedia.com,Cullen
544407,961-743-8051,61027 Holy Cross Circle,cscusel1@oracle.com,Charil
523654,488-896-9866,98 Anhalt Junction,epavettl2@squidoo.com,Elbertina
187847,225-693-9101,52509 Waubesa Alley,ioadel3@gravatar.com,Isidro
190958,108-014-1071,4527 Logan Crossing,arossboroughl4@booking.com,Arlan
465893,243-927-9050,15 School Terrace,hfruishl5@shinystat.com,Holly
450641,179-713-1555,226 Meadow Vale Pass,lpaginl6@google.ru,Luisa
455087,585-874-2465,36344 Waywood Terrace,jlittonl7@blogger.com,Jacquelynn
439315,868-979-0347,01 Kedzie Pass,pyggol8@slashdot.org,Patience
290620,215-073-8952,967 Cordelia Junction,rkosl9@networksolutions.com,Ransom
247281,831-082-2106,1229 Pearson Pass,hofeeneyla@tamu.edu,Herve
357142,200-411-9317,8291 Lake View Hill,tfrierlb@jugem.jp,Timmy
75990,146-140-1861,03 Delaware Hill,nsiddelelc@shinystat.com,Noni
240516,555-369-3221,5 Laurel Avenue,dlucld@lulu.com,Dorie
383641,610-856-6301,6773 Ruskin Parkway,dnazarethle@statcounter.com,Donn
432135,940-854-1692,17601 Sutherland Court,asollnerlf@nsw.gov.au,Annadiane
600183,695-768-3966,8 Talisman Junction,pduguidlg@accuweather.com,Philippa
956156,390-853-4492,82 Gulseth Junction,mdenneslh@4shared.com,Midge
582617,583-282-6652,817 Johnson Road,yellimanli@i2i.jp,Ysabel
748136,020-369-4134,70802 Moulton Hill,ogiereklj@google.cn,Odele
210888,669-529-2963,29377 Northfield Lane,gtuelk@ebay.com,Glen
335796,172-515-2040,9 Anzinger Lane,jbraccill@goo.gl,Jesus
267881,541-220-0785,12209 Division Parkway,deplatelm@nifty.com,Dorthy
696367,335-242-3247,602 Schiller Alley,pgozzettln@nsw.gov.au,Peri
535538,066-392-9700,0 Cascade Drive,hfrareylo@ed.gov,Hendrik
659140,450-194-1859,17 Canary Pass,amicklewrightlp@edublogs.org,Andras
176438,208-486-6802,1361 Hagan Plaza,aromushkinlq@blog.com,Avigdor
550864,548-456-4786,50 Green Ridge Pass,aclaffeylr@networksolutions.com,Austine
420802,554-006-9521,139 Huxley Junction,nmcgilvaryls@clickbank.net,Nathalia
460668,288-374-6486,60 Old Shore Pass,gdeinhardtlt@issuu.com,Giraud
699409,235-700-9345,829 Delaware Avenue,mcardillolu@samsung.com,Mercy
252217,012-717-1287,6 Monument Point,dhovardlv@aboutads.info,Doroteya
863731,227-916-5719,1024 Morningstar Pass,imeeganlw@vistaprint.com,Ikey
362710,139-831-8329,3146 Acker Road,dkitchingmanlx@theglobeandmail.com,Dyann
737616,208-072-6974,541 Pleasure Circle,folivasly@wunderground.com,Farleigh
770070,518-320-8689,0000 Golf Center,rfouracrelz@cam.ac.uk,Roslyn
784469,944-990-1506,324 Utah Parkway,agewerm0@com.com,Atlanta
619888,651-439-5488,43420 Pierstorff Avenue,ccarriganm1@issuu.com,Conway
935614,722-807-1697,2896 Blackbird Place,dmorom2@unesco.org,Debby
791721,729-260-6430,66 Portage Crossing,cbeediem3@bing.com,Charlot
702666,908-584-8086,94 Dorton Street,ajobm4@ovh.net,Abe
732740,734-415-7838,5 Portage Street,ctinceym5@instagram.com,Cherise
707744,292-621-1144,05297 Jay Avenue,nwidocksm6@wordpress.com,Nonah
447122,245-197-9504,99980 Troy Circle,hwhightmanm7@bizjournals.com,Hillie
887135,201-354-7561,57 Kipling Lane,adomelowm8@cpanel.net,Arlena
199460,376-665-6052,4965 Dorton Center,fkiehnltm9@t.co,Frans
251333,750-957-5408,1657 Delladonna Parkway,dconigsbyma@prlog.org,Dot
934780,000-383-3317,525 Hazelcrest Trail,dstockleymb@hud.gov,Davina
365690,964-061-5924,90 Oneill Street,eeichelermc@who.int,Emmye
529650,925-838-3087,08 Annamark Parkway,edeinertmd@youtu.be,Emmeline
292873,848-632-8607,620 Fair Oaks Lane,rbartolettime@merriam-webster.com,Rey
647508,768-325-3372,0570 Bonner Road,fknaggesmf@blogger.com,Frederich
131551,948-380-2571,11032 Sherman Plaza,lsinottmg@yahoo.com,Logan
128479,484-889-6025,7174 Prairieview Place,nemanuellimh@trellian.com,Nadya
687496,449-187-6528,383 Lien Center,ctesoemi@flickr.com,Cassius
503732,344-302-2587,4023 Fairview Point,prammemj@is.gd,Perl
523948,115-162-8564,76529 Beilfuss Court,jdeppermk@weebly.com,Jammal
649835,386-306-5872,3453 Hanson Court,abosseml@mapquest.com,Adena
269093,982-687-7121,9 Hoepker Park,aozintsevmm@house.gov,Aleda
954872,599-468-5056,2 Melvin Lane,fhuncotemn@constantcontact.com,Feliks
348166,617-041-7836,108 Jackson Point,msnellemo@constantcontact.com,Maggee
955965,888-266-1694,82338 Rockefeller Terrace,tpowermp@cornell.edu,Tessa
430498,568-168-7741,5384 Shopko Parkway,sdultonmq@wired.com,Sherwynd
219294,081-351-6652,89 Holmberg Pass,vgreenhaughmr@statcounter.com,Vic
337612,743-448-9560,049 West Place,cfooterms@typepad.com,Clair
543147,527-867-5741,0 Montana Court,khenninghammt@oaic.gov.au,Karlis
709513,910-560-1077,5033 Helena Avenue,amatokhninmu@nymag.com,Alair
511268,579-216-1581,3 Sherman Way,lcameliamv@bizjournals.com,Laurens
841735,061-779-9583,7 Southridge Place,lhaggardmw@zdnet.com,Lucia
422768,437-273-4507,1641 Monica Court,dbladermx@angelfire.com,Dionis
335459,189-623-7475,898 Rutledge Crossing,jbendanmy@independent.co.uk,Jeremy
334469,554-054-7902,61 Express Plaza,abeurichmz@epa.gov,Amargo
493227,677-050-7953,3 Stuart Crossing,bboormann0@flickr.com,Benny
932081,518-468-0141,28 Grover Alley,myokeln1@barnesandnoble.com,Minta
804874,275-766-7054,47060 Village Court,ejorgensenn2@exblog.jp,Ermengarde
347684,523-443-0116,6 Corben Court,dduchantn3@springer.com,Dorisa
586828,680-913-6659,48 Barnett Pass,tstricklern4@a8.net,Theodora
238187,841-979-2297,89 Goodland Crossing,vsimcoxn5@cafepress.com,Viviana
385721,823-114-6410,414 Pierstorff Plaza,lwaterdrinkern6@netvibes.com,Lindsy
907717,773-983-4175,0503 Walton Crossing,rtemporaln7@linkedin.com,Rowan
144009,407-057-4765,44 Briar Crest Drive,cglassonn8@yolasite.com,Clerc
98548,139-097-5092,65 Hagan Terrace,akornilovn9@e-recht24.de,Aurthur
463733,692-452-0883,9766 Gina Circle,jtroddna@alexa.com,Janot
574122,898-295-1464,4 Claremont Center,randreasnb@deliciousdays.com,Rab
140805,561-845-4842,404 Pennsylvania Parkway,maltennc@seattletimes.com,Marika
42590,586-624-1362,3052 Scoville Crossing,tleithnd@pbs.org,Tera
209941,280-630-1723,57 Carey Avenue,jallderidgene@bing.com,Jared
30006,582-036-1850,25005 Bunker Hill Crossing,jbotcherbynf@ehow.com,Jazmin
396306,421-027-0494,6905 American Ash Terrace,agullefordng@tiny.cc,Arny
415157,697-412-4690,076 Main Park,ehentzenh@aboutads.info,Emmey
428315,645-243-9473,9 Monument Park,challifaxni@alexa.com,Colleen
62336,940-555-3240,3 Bartillon Street,ssinnettnj@woothemes.com,Salim
247569,390-848-5705,73247 Crowley Alley,wlamkinnk@live.com,Wadsworth
979639,185-784-7848,16 Tennessee Hill,lhellikernl@csmonitor.com,Lyssa
532835,444-823-1821,28960 Columbus Point,aaharoninm@sciencedirect.com,Abba
19533,295-761-9358,7 Hanover Center,hskarrnn@pbs.org,Hollyanne
829972,487-053-8974,09 Tony Hill,vmcculloghno@umich.edu,Vickie
731027,627-596-1544,4083 Rusk Road,tchallacenp@github.io,Tommy
496102,377-102-4520,3804 Riverside Avenue,spentonynq@printfriendly.com,Steven
639719,646-158-1425,8 Village Green Drive,ttolcharnr@wisc.edu,Trista
48764,633-348-5317,49597 Arkansas Junction,ijoreauns@webnode.com,Isak
989604,492-839-7680,0 Oakridge Center,cglavisnt@ehow.com,Cyril
751615,866-506-4587,654 Scofield Way,whaggatanu@disqus.com,Waylan
256167,599-419-4642,7934 Kenwood Lane,forsinv@ucsd.edu,Feliks
6039,562-694-9348,5 Di Loreto Point,aboullernw@flavors.me,Annis
579471,631-514-6457,13 Granby Hill,mhughsonnx@cloudflare.com,Moises
796869,746-206-4919,9 Union Drive,sorrobinny@weibo.com,Starr
824370,424-850-6984,53541 David Road,cmaceynz@newsvine.com,Cristina
804683,968-267-8400,0112 Summit Street,ahiddyo0@myspace.com,Arel
130288,709-139-3895,45656 Eastlawn Plaza,sdemicheleo1@unblog.fr,Sukey
931651,593-892-9271,220 Harbort Lane,fhelliwello2@psu.edu,Flin
603200,946-158-8608,745 Sycamore Place,brevenso3@foxnews.com,Bengt
984503,524-481-4596,7 Redwing Road,hattenbrowo4@cbslocal.com,Harmonia
58516,073-613-5195,967 Orin Drive,bcooo5@last.fm,Bourke
613097,853-845-2760,8435 Packers Way,pormano6@apache.org,Peder
402969,265-588-4894,12226 Buena Vista Place,hcullityo7@utexas.edu,Homere
978058,657-981-1915,7 Butternut Park,mmccombeo8@eventbrite.com,Maryann
746503,740-227-0189,2 Norway Maple Street,dwakeleyo9@ft.com,Dode
486114,384-645-7309,92 Onsgard Parkway,gbeakoa@whitehouse.gov,Gretchen
656090,010-251-5169,8 Rutledge Plaza,rsorob@geocities.com,Reece
828141,635-600-9353,6 Meadow Vale Road,bhaselgroveoc@nasa.gov,Bree
822811,479-585-0506,4537 Wayridge Parkway,gkezarod@mlb.com,Gawain
325445,804-986-7246,3 Tomscot Pass,smacmillanoe@paypal.com,Sylvan
456975,740-466-7971,90613 Union Way,cbinsteadof@latimes.com,Christoph
305152,985-595-5374,12 Paget Alley,mhaggerwoodog@usa.gov,Maressa
89163,143-462-7203,097 Scott Terrace,tdavenalloh@cnn.com,Trudie
603953,249-416-5399,994 Schiller Park,dcashleyoi@squidoo.com,Dev
819275,531-602-3333,207 Moland Place,hbrazearoj@imgur.com,Harv
111536,608-091-8160,54761 Carpenter Center,jkeelingeok@google.it,Jacky
361590,175-297-1297,263 Superior Plaza,sfeethamol@dyndns.org,Sal
567127,721-557-8844,55954 Lyons Trail,fparrisom@gravatar.com,Fernandina
278370,261-419-1606,393 Reinke Road,clauderon@rambler.ru,Cash
700916,237-239-3908,13 Sugar Parkway,bsargeoo@skype.com,Barnebas
586457,024-702-8220,92 Eagle Crest Plaza,mbecketop@cocolog-nifty.com,Moreen
109493,204-153-5177,87 Michigan Circle,mdaiceoq@hexun.com,Mitchael
585512,697-700-0123,90 Sundown Park,lplumeor@squarespace.com,Leanor
265374,240-029-2650,6 Dakota Plaza,gramsbyos@newsvine.com,Grant
545727,134-083-5609,24 Gerald Trail,jpaddenot@bloglovin.com,Janessa
99041,794-652-6311,3704 Macpherson Way,nreyeou@google.ca,Norry
389274,643-900-8056,44742 Eggendart Drive,qledgewayov@bluehost.com,Quinn
253874,212-369-4280,4 Coleman Center,maggottow@cbsnews.com,Mariann
652192,459-053-7185,202 Eastlawn Crossing,aheadanox@usda.gov,Ana
660221,780-583-5934,94 Anzinger Way,gabbyssoy@xing.com,Gregorio
73169,712-691-5451,6 Warrior Parkway,apirellioz@irs.gov,Arri
828391,893-548-3217,33221 Rigney Plaza,rreveyp0@chronoengine.com,Rickie
783136,819-906-9748,30618 Duke Park,rgoldhillp1@washington.edu,Randie
601680,271-472-9723,75 Schiller Parkway,kburkhillp2@redcross.org,Kendrick
560931,537-300-1310,579 Redwing Alley,mfishlockp3@miitbeian.gov.cn,Margi
545154,301-419-2548,314 Westerfield Alley,lhennerp4@google.nl,Larisa
917557,223-135-5175,224 Kenwood Center,edufrayp5@youtube.com,Erin
840944,833-419-6465,8 Muir Court,lfrickerp6@washington.edu,Llewellyn
743323,080-871-4957,81 Crownhardt Alley,rcitrinep7@ow.ly,Rhys
81020,440-069-7173,52931 Canary Court,hkohterp8@prlog.org,Hillary
484826,716-160-9103,5704 Village Green Drive,sbengoughp9@abc.net.au,Shandra
237496,880-586-7775,65759 Dryden Point,tfitzjohnpa@addthis.com,Tonia
57376,794-353-5993,5142 Sloan Junction,koscannillpb@angelfire.com,Killian
372037,664-035-9751,85829 Fallview Park,ghavercroftpc@ask.com,Gris
350551,181-035-8623,393 Prairie Rose Parkway,iricardspd@friendfeed.com,Inglis
355644,501-846-9082,875 Mosinee Lane,adreipe@gravatar.com,Anna-diane
213070,836-205-7361,2781 Carberry Crossing,mgravattpf@newsvine.com,Martha
118007,920-629-4584,91554 Fairview Avenue,apontingpg@uiuc.edu,Adelice
479997,662-952-7023,9178 Towne Place,ihoulsonph@state.tx.us,Idell
771391,769-499-6893,51633 Brentwood Crossing,avictorypi@digg.com,Allie
31812,377-385-2830,1062 Norway Maple Road,glordonpj@ucla.edu,Gonzalo
334863,323-847-4555,6 Charing Cross Pass,rlinsaypk@blinklist.com,Rheba
151434,978-116-9160,10 Bartelt Point,nbickpl@elegantthemes.com,Nyssa
968030,961-153-7114,406 Stoughton Avenue,meustispm@washington.edu,Marys
3598,404-687-7214,04 Springview Plaza,cfullunpn@shutterfly.com,Casie
582885,844-289-8573,5221 Straubel Plaza,eriseleypo@shop-pro.jp,Earvin
796393,352-036-9817,620 Armistice Parkway,jeplatepp@trellian.com,Jayson
855376,177-671-9568,331 Moland Junction,bhiddypq@springer.com,Bobinette
724341,651-095-8063,2 Memorial Alley,nwastallpr@va.gov,Nikolaos
376567,457-897-7651,7 Ridge Oak Court,hcoslittps@shinystat.com,Haily
425091,645-423-9165,7 Vidon Terrace,eprofitpt@friendfeed.com,Emlyn
770408,031-231-0616,4 Jana Avenue,mbeldompu@godaddy.com,Minnnie
280380,065-512-3164,05 Talisman Trail,gpaddenpv@indiegogo.com,Garrik
732126,638-430-6704,3536 Mccormick Drive,nkikepw@timesonline.co.uk,Nat
912262,140-643-7093,12 Waubesa Circle,btaysbilpx@umn.edu,Bourke
39055,639-059-7430,705 Anhalt Avenue,hlillepy@soup.io,Humbert
665192,115-114-8302,055 Bellgrove Avenue,ccovellpz@house.gov,Charlena
588733,750-428-3871,1 Hoffman Terrace,jthrowerq0@g.co,Josy
274323,516-190-4674,732 Oriole Junction,asibbonsq1@jigsy.com,Angelico
11816,526-519-3327,51 Lighthouse Bay Way,fcockaymeq2@buzzfeed.com,Floria
393718,456-232-2501,94 Basil Trail,hpallatinaq3@cnet.com,Harley
652785,680-323-5899,34 Debs Alley,gsteersq4@skype.com,Gaby
552013,796-698-6831,0487 Monica Pass,lfranksq5@google.cn,Lil
937127,219-810-5871,3 Goodland Drive,imeridaq6@webeden.co.uk,Iver
771348,988-778-6690,29 Kipling Alley,cvaskovq7@cloudflare.com,Cecil
542069,285-360-2537,1 Autumn Leaf Place,lmeacherq8@bigcartel.com,Lorrin
351857,977-518-9911,619 Waywood Parkway,akneathq9@dell.com,Athena
627611,968-315-2644,57864 Glendale Circle,mcarloniqa@tuttocitta.it,Misty
569942,625-687-2627,2 Eastwood Parkway,sgrisenthwaiteqb@stanford.edu,Sue
866152,145-515-5567,37429 Little Fleur Court,rewolsqc@tinypic.com,Reggie
618622,063-853-1943,3036 Lake View Crossing,cdyballqd@yelp.com,Clarabelle
519246,716-525-4561,9281 6th Junction,carchbellqe@springer.com,Connie
640689,196-291-8726,833 Sachs Drive,rassafqf@ox.ac.uk,Reuben
382309,506-009-5176,63474 Quincy Trail,mbocqg@independent.co.uk,Maurizia
711624,593-681-1706,77389 Parkside Trail,tchinneryqh@va.gov,Trixie
146501,288-770-6788,8 Paget Lane,ecalderheadqi@amazon.co.uk,Egor
938344,090-670-1304,22 Annamark Circle,egummqj@amazon.de,Eve
403438,921-511-8775,5 Alpine Terrace,gcaslinqk@ted.com,Gill
597066,413-102-4187,8 Delladonna Way,hmenguyql@webnode.com,Hart
704903,304-434-3140,00694 Old Gate Road,grathkeqm@thetimes.co.uk,Gunner
553618,673-923-5213,8728 Maywood Junction,gmorrantqn@artisteer.com,Glenda
157594,233-753-7975,9273 Schlimgen Crossing,bramesqo@myspace.com,Benjamen
737805,311-906-0193,291 Dorton Lane,pgotliffeqp@imgur.com,Petronille
473549,993-055-5393,68162 Darwin Parkway,lraywoodqq@webnode.com,Loreen
609899,641-883-5663,782 Forest Place,zbetkeqr@google.co.uk,Zacharia
266586,425-029-4467,6 Longview Street,ringlesentqs@1688.com,Reid
488213,105-783-5597,401 Troy Lane,mgrievesqt@redcross.org,Michal
724780,474-015-0773,14 Little Fleur Terrace,krobakqu@answers.com,Kathy
45707,202-920-0155,40 Monument Place,lsharpusqv@vimeo.com,Lynda
335466,167-234-6644,7 Vera Street,lhousegoqw@github.com,Laurent
987498,638-585-4237,3 Monica Junction,amalickiqx@themeforest.net,Aili
914199,395-672-1209,061 Artisan Road,acankettqy@ning.com,Alonzo
789289,915-043-4096,41524 Forster Junction,bsuddickqz@indiegogo.com,Boone
722046,967-287-4199,904 Del Sol Center,tstainsonr0@imdb.com,Tremayne
28853,618-461-1832,94 Truax Terrace,yosboldstoner1@pbs.org,Yovonnda
20625,694-010-6011,36 Golden Leaf Trail,avanderveldtr2@webmd.com,Andra
376201,715-128-7433,5548 Saint Paul Plaza,whanscomer3@webs.com,Winston
356776,867-836-2950,99036 Mcguire Plaza,vmaidenr4@icio.us,Valida
405877,487-684-7575,512 Fallview Plaza,fgardenr5@aol.com,Freddy
757901,081-330-2574,3623 Oxford Parkway,hsorbyr6@usnews.com,Hephzibah
801299,374-749-2377,4 Muir Circle,llearmanr7@webs.com,Leupold
405407,839-218-3327,0 Brentwood Lane,aheismanr8@wix.com,Adeline
635676,294-389-1861,28 Delladonna Road,rromaninir9@geocities.com,Rebeka
150562,416-850-3172,3 Meadow Valley Parkway,obenitra@xrea.com,Obie
697505,407-966-1843,75 Roth Road,flowlerb@nymag.com,Farrell
200327,419-864-3346,6 Bayside Junction,fdahlmanrc@hibu.com,Frants
833254,788-405-3302,936 Dawn Terrace,vheersmard@ow.ly,Vergil
404751,744-497-3410,8 Corscot Trail,itruggianre@nytimes.com,Izak
213922,186-647-1109,87981 Hanson Way,nborgnerf@mapquest.com,Nick
740752,323-912-9861,5820 Park Meadow Junction,joselandrg@yelp.com,Jeffy
783921,024-935-1897,67 Helena Avenue,gcasinirh@chron.com,Glenine
77157,849-204-3217,4687 Iowa Lane,cbulliventri@unc.edu,Cassandre
885570,381-589-5484,4259 Fairview Road,dberntssonrj@cbsnews.com,Domenico
538487,942-005-3533,5 New Castle Junction,lscarrisbrickrk@youtu.be,Lisle
140206,411-108-9735,7022 Melby Junction,abiskupiakrl@wiley.com,Ashbey
738957,587-295-6717,5 Manufacturers Lane,kfilipsonrm@examiner.com,Kaila
908368,278-340-4446,53 Starling Way,cjakabrn@yandex.ru,Cale
342962,991-298-4687,8 Hermina Park,dsearsbyro@homestead.com,Dolores
487798,245-185-9307,5 Tennyson Terrace,nkillingbeckrp@constantcontact.com,Nicky
682772,222-797-3410,20 Sycamore Plaza,smachosterq@yale.edu,Starla
279449,898-422-6895,148 Buena Vista Park,afockesrr@uiuc.edu,Adria
